time,type_user0,load_user0,generate_user0,SOC_user0,unit_user0,price_user0,is_seller_user0,is_peak_user0,type_user1,load_user1,generate_user1,SOC_user1,unit_user1,price_user1,is_seller_user1,is_peak_user1,type_user2,load_user2,generate_user2,SOC_user2,unit_user2,price_user2,is_seller_user2,is_peak_user2,type_user3,load_user3,generate_user3,SOC_user3,unit_user3,price_user3,is_seller_user3,is_peak_user3,type_user4,load_user4,generate_user4,SOC_user4,unit_user4,price_user4,is_seller_user4,is_peak_user4,type_user5,load_user5,generate_user5,SOC_user5,unit_user5,price_user5,is_seller_user5,is_peak_user5,type_user6,load_user6,generate_user6,SOC_user6,unit_user6,price_user6,is_seller_user6,is_peak_user6,type_user7,load_user7,generate_user7,SOC_user7,unit_user7,price_user7,is_seller_user7,is_peak_user7,type_user8,load_user8,generate_user8,SOC_user8,unit_user8,price_user8,is_seller_user8,is_peak_user8,type_user9,load_user9,generate_user9,SOC_user9,unit_user9,price_user9,is_seller_user9,is_peak_user9,type_user10,load_user10,generate_user10,unit_user10,price_user10,is_seller_user10,is_peak_user10,type_user11,load_user11,generate_user11,unit_user11,price_user11,is_seller_user11,is_peak_user11,type_user12,load_user12,generate_user12,unit_user12,price_user12,is_seller_user12,is_peak_user12,type_user13,load_user13,generate_user13,unit_user13,price_user13,is_seller_user13,is_peak_user13,type_user14,load_user14,generate_user14,unit_user14,price_user14,is_seller_user14,is_peak_user14,type_user15,load_user15,generate_user15,unit_user15,price_user15,is_seller_user15,is_peak_user15,type_user16,load_user16,generate_user16,unit_user16,price_user16,is_seller_user16,is_peak_user16,type_user17,load_user17,generate_user17,unit_user17,price_user17,is_seller_user17,is_peak_user17,type_user18,load_user18,generate_user18,unit_user18,price_user18,is_seller_user18,is_peak_user18,type_user19,load_user19,generate_user19,unit_user19,price_user19,is_seller_user19,is_peak_user19,type_user20,load_user20,unit_user20,price_user20,is_peak_user20,type_user21,load_user21,unit_user21,price_user21,is_peak_user21,type_user22,load_user22,unit_user22,price_user22,is_peak_user22,type_user23,load_user23,unit_user23,price_user23,is_peak_user23,type_user24,load_user24,unit_user24,price_user24,is_peak_user24,type_user25,load_user25,unit_user25,price_user25,is_peak_user25,type_user26,load_user26,unit_user26,price_user26,is_peak_user26,type_user27,load_user27,unit_user27,price_user27,is_peak_user27
4/5/2013 0:00,3,401,0,0,401,9.486744966,FALSE,FALSE,3,1043,0,0,1043,19.94230118,FALSE,FALSE,3,224,0,0,224,3.943608769,FALSE,FALSE,3,244,0,0,244,4.289478992,FALSE,FALSE,3,61,0,0,61,0.766828047,FALSE,FALSE,3,155,0,0,155,3.517307692,FALSE,FALSE,3,642,0,0,642,10.21167785,FALSE,FALSE,3,911,0,0,911,23.99929883,FALSE,FALSE,3,91,0,0,91,1.63462963,FALSE,FALSE,3,73,0,0,73,0.947762712,FALSE,FALSE,2,0,0,0,0,FALSE,FALSE,2,1026,0,1026,15.93135678,FALSE,FALSE,2,97,0,97,1.202734899,FALSE,FALSE,2,578,0,578,9.613969849,FALSE,FALSE,2,267,0,267,3.663908629,FALSE,FALSE,2,239,0,239,5.550066778,FALSE,FALSE,2,58,0,58,0.79409396,FALSE,FALSE,2,3061,0,3061,44.12344482,FALSE,FALSE,2,79,0,79,1.666302521,FALSE,FALSE,2,141,0,141,2.741666667,FALSE,FALSE,1,194,194,5.187391304,FALSE,1,160,160,3.351096121,FALSE,1,102,102,2.453560477,FALSE,1,225,225,6.33375,FALSE,1,2241,2241,38.51366834,FALSE,1,401,401,5.283123939,FALSE,1,52,52,0.940166945,FALSE,1,250,250,5.908710218,FALSE
4/5/2013 1:00,3,374,0,0,374,4.361241611,FALSE,FALSE,3,4142,0,0,4142,46.04558376,FALSE,FALSE,3,231,0,0,231,4.238246206,FALSE,FALSE,3,157,0,0,157,3.340537815,FALSE,FALSE,3,60,0,0,60,0.798330551,FALSE,FALSE,3,181,0,0,181,3.907541806,FALSE,FALSE,3,373,0,0,373,5.175687919,FALSE,FALSE,3,810,0,0,810,13.00868114,FALSE,FALSE,3,92,0,0,92,0.954074074,FALSE,FALSE,3,73,0,0,73,0.879711864,FALSE,FALSE,2,654,0,654,15.8922,FALSE,FALSE,2,968,0,968,11.28522613,FALSE,FALSE,2,32,0,32,0.680268456,FALSE,FALSE,2,358,0,358,6.086599665,FALSE,FALSE,2,457,0,457,9.758612521,FALSE,FALSE,2,230,0,230,2.468948247,FALSE,FALSE,2,40,0,40,0.488590604,FALSE,FALSE,2,1473,0,1473,32.88386288,FALSE,FALSE,2,49,0,49,0.888588235,FALSE,FALSE,2,187,0,187,3.77462963,FALSE,FALSE,1,222,222,4.670167224,FALSE,1,159,159,4.185480607,FALSE,1,107,107,1.8920954,FALSE,1,214,214,3.160066667,FALSE,1,891,891,21.55115578,FALSE,1,372,372,4.136842105,FALSE,1,188,188,4.469315526,FALSE,1,235,235,5.424288107,FALSE
4/5/2013 2:00,3,511,0,0,511,14.25827181,FALSE,FALSE,3,3274,0,0,3274,44.92747885,FALSE,FALSE,3,232,0,0,232,3.094637437,FALSE,FALSE,3,126,0,0,126,3.146823529,FALSE,FALSE,3,60,0,0,60,1.294156928,FALSE,FALSE,3,181,0,0,181,4.207190635,FALSE,FALSE,3,202,0,0,202,3.772248322,FALSE,FALSE,3,654,0,0,654,17.58921536,FALSE,FALSE,3,1701,0,0,1701,45.675,FALSE,FALSE,3,62,0,0,62,1.614101695,FALSE,FALSE,2,1224,0,1224,30.192,FALSE,FALSE,2,310,0,310,4.128140704,FALSE,FALSE,2,37,0,37,0.431459732,FALSE,FALSE,2,276,0,276,6.218090452,FALSE,FALSE,2,222,0,222,2.922436548,FALSE,FALSE,2,232,0,232,3.555525876,FALSE,FALSE,2,48,0,48,0.781208054,FALSE,FALSE,2,1738,0,1738,34.64374582,FALSE,FALSE,2,5953,0,5953,83.74220168,FALSE,FALSE,2,145,0,145,3.598148148,FALSE,FALSE,1,223,223,3.41958194,FALSE,1,162,162,2.221011804,FALSE,1,107,107,2.714190801,FALSE,1,199,199,3.011533333,FALSE,1,229,229,5.792127303,FALSE,1,357,357,7.903701188,FALSE,1,117,117,2.437662771,FALSE,1,235,235,5.770686767,FALSE
4/5/2013 3:00,3,370,0,0,370,8.002181208,FALSE,FALSE,3,3314,0,0,3314,80.01824027,FALSE,FALSE,3,211,0,0,211,2.462259696,FALSE,FALSE,3,66,0,0,66,1.37989916,FALSE,FALSE,3,60,0,0,60,1.63572621,FALSE,FALSE,3,138,0,0,138,2.090769231,FALSE,FALSE,3,178,0,0,178,4.900973154,FALSE,FALSE,3,575,0,0,575,8.284223706,FALSE,FALSE,3,446,0,0,446,8.259259259,FALSE,FALSE,3,61,0,0,61,1.133152542,FALSE,FALSE,2,1164,0,1164,31.2728,FALSE,FALSE,2,292,0,292,5.663919598,FALSE,FALSE,2,5892,0,5892,105.6803356,FALSE,FALSE,2,302,0,302,8.139329983,FALSE,FALSE,2,195,0,195,4.055076142,FALSE,FALSE,2,229,0,229,3.635709516,FALSE,FALSE,2,51,0,51,1.272432886,FALSE,FALSE,2,1207,0,1207,32.05210702,FALSE,FALSE,2,7348,0,7348,125.1012437,FALSE,FALSE,2,189,0,189,4.935,FALSE,FALSE,1,194,194,4.794849498,FALSE,1,157,157,2.065092749,FALSE,1,100,100,2.236797274,FALSE,1,166,166,2.055633333,FALSE,1,137,137,1.824371859,FALSE,1,407,407,8.782631579,FALSE,1,53,53,0.870651085,FALSE,1,197,197,3.058944724,FALSE
4/5/2013 4:00,3,281,0,0,281,6.388506711,FALSE,FALSE,3,3758,0,0,3758,79.54751269,FALSE,FALSE,3,232,0,0,232,3.223743676,FALSE,FALSE,3,46,0,0,46,0.936235294,FALSE,FALSE,3,54,0,0,54,1.244073456,FALSE,FALSE,3,186,0,0,186,2.886421405,FALSE,FALSE,3,191,0,0,191,5.117902685,FALSE,FALSE,3,588,0,0,588,15.16627713,FALSE,FALSE,3,89,0,0,89,1.631666667,FALSE,FALSE,3,55,0,0,55,1.565169492,FALSE,FALSE,2,1177,0,1177,29.46423333,FALSE,FALSE,2,311,0,311,6.66279732,FALSE,FALSE,2,4744,0,4744,61.44912752,FALSE,FALSE,2,277,0,277,4.352194305,FALSE,FALSE,2,485,0,485,6.023519459,FALSE,FALSE,2,227,0,227,5.271402337,FALSE,FALSE,2,64,0,64,1.065234899,FALSE,FALSE,2,1157,0,1157,16.25217391,FALSE,FALSE,2,3346,0,3346,56.34776471,FALSE,FALSE,2,152,0,152,3.828148148,FALSE,FALSE,1,235,235,3.128093645,FALSE,1,159,159,3.271163575,FALSE,1,110,110,2.110051107,FALSE,1,86,86,1.396066667,FALSE,1,76,76,1.236113903,FALSE,1,337,337,8.090288625,FALSE,1,46,46,1.228714524,FALSE,1,171,171,1.71,FALSE
4/5/2013 5:00,3,359,0,0,359,7.631761745,FALSE,FALSE,3,3290,0,0,3290,89.23637902,FALSE,FALSE,3,271,0,0,271,4.318634064,FALSE,FALSE,3,46,0,0,46,0.647092437,FALSE,FALSE,3,51,0,0,51,0.79096828,FALSE,FALSE,3,176,0,0,176,4.93270903,FALSE,FALSE,3,204,0,0,204,5.466241611,FALSE,FALSE,3,677,0,0,677,14.35375626,FALSE,FALSE,3,387,0,0,387,10.535,FALSE,FALSE,3,72,0,0,72,0.854237288,FALSE,FALSE,2,1183,0,1183,29.61443333,FALSE,FALSE,2,318,0,318,3.648743719,FALSE,FALSE,2,4561,0,4561,50.66077181,FALSE,FALSE,2,294,0,294,4.835979899,FALSE,FALSE,2,218,0,218,2.707478849,FALSE,FALSE,2,225,0,225,3.406928214,FALSE,FALSE,2,77,0,77,0.812634228,FALSE,FALSE,2,4161,0,4161,104.3729097,FALSE,FALSE,2,340,0,340,3.4,FALSE,FALSE,2,179,0,179,5.071666667,FALSE,FALSE,1,202,202,3.543444816,FALSE,1,118,118,3.303204047,FALSE,1,107,107,2.293117547,FALSE,1,140,140,3.761333333,FALSE,1,94,94,1.424958124,FALSE,1,362,362,3.62,FALSE,1,46,46,0.789449082,FALSE,1,207,207,2.146281407,FALSE
4/5/2013 6:00,3,563,0,0,563,8.019916107,FALSE,FALSE,3,1992,0,0,1992,55.51309645,FALSE,FALSE,3,364,0,0,364,6.543406408,FALSE,FALSE,3,66,0,0,66,0.855226891,FALSE,FALSE,3,64,0,0,64,1.192387312,FALSE,FALSE,3,182,0,0,182,2.456086957,FALSE,FALSE,3,414,0,0,414,6.585100671,FALSE,FALSE,3,755,0,0,755,19.61235392,FALSE,FALSE,3,78,0,0,78,0.924444444,FALSE,FALSE,3,110,0,0,110,1.120508475,FALSE,FALSE,2,1178,0,1178,32.5128,FALSE,FALSE,2,399,0,399,10.23899497,FALSE,FALSE,2,4752,0,4752,102.7739597,FALSE,FALSE,2,298,0,298,6.878458961,FALSE,FALSE,2,205,0,205,4.491962775,FALSE,FALSE,2,273,0,273,5.838280467,FALSE,FALSE,2,123,0,123,2.728288591,FALSE,FALSE,2,4198,0,4198,100.6677592,FALSE,FALSE,2,372,0,372,6.058285714,FALSE,FALSE,2,132,0,132,2.884444444,FALSE,FALSE,1,512,512,8.604682274,FALSE,1,391,391,6.303473862,FALSE,1,101,101,2.63770017,FALSE,1,204,204,5.0694,FALSE,1,81,81,2.183065327,FALSE,1,588,588,16.53188455,FALSE,1,49,49,0.633973289,FALSE,1,207,207,4.396582915,FALSE
4/5/2013 7:00,3,607,421.7588714,0,185.2411286,5.100347181,FALSE,FALSE,3,1224,468.6209682,0,755.3790318,19.08258705,FALSE,FALSE,3,468,374.8967746,0,93.10322541,1.483685464,FALSE,FALSE,3,351,374.8967746,23.89677459,0,0,None,FALSE,3,59,234.3104841,175.3104841,0,0,None,FALSE,3,367,374.8967746,7.896774588,0,0,None,FALSE,3,887,421.7588714,0,465.2411286,4.738277937,FALSE,FALSE,3,881,421.7588714,0,459.2411286,10.3271753,FALSE,FALSE,3,544,421.7588714,0,122.2411286,2.51273431,FALSE,FALSE,3,66,281.1725809,215.1725809,0,0,None,FALSE,2,1246,468.6209682,777.3790318,19.46038843,FALSE,FALSE,2,393,374.8967746,18.10322541,0.377832812,FALSE,FALSE,2,4766,562.3451619,4203.654838,109.5348316,FALSE,FALSE,2,274,374.8967746,100.8967746,2.812265208,TRUE,FALSE,2,450,374.8967746,75.10322541,2.106956814,FALSE,FALSE,2,292,374.8967746,82.89677459,1.9859244,TRUE,FALSE,2,50,234.3104841,184.3104841,4.088229195,TRUE,FALSE,2,4258,562.3451619,3695.654838,66.86786848,FALSE,FALSE,2,1628,468.6209682,1159.379032,30.45562062,FALSE,FALSE,2,186,328.0346778,142.0346778,3.498261508,TRUE,FALSE,1,936,936,20.03478261,FALSE,1,1358,1358,36.25150084,FALSE,1,120,120,3.133901193,FALSE,1,155,155,2.459333333,FALSE,1,303,303,5.095678392,FALSE,1,843,843,9.846926995,FALSE,1,124,124,2.378564274,FALSE,1,307,307,7.255896147,FALSE
4/5/2013 8:00,3,1484,764.4783522,0,719.5216478,8.257597435,FALSE,FALSE,3,202,535.1348465,333.1348465,0,0,None,FALSE,3,376,611.5826817,235.5826817,0,0,None,FALSE,3,216,535.1348465,343.0316211,0,0,None,FALSE,3,308,611.5826817,478.8931659,0,0,None,FALSE,3,882,688.0305169,0,186.0727085,3.845917519,FALSE,FALSE,3,1618,764.4783522,0,853.5216478,12.31591639,FALSE,FALSE,3,963,688.0305169,0,274.9694831,5.072475439,FALSE,FALSE,3,685,688.0305169,3.030516949,0,0,None,FALSE,3,73,458.6870113,600.8595922,0,0,None,FALSE,2,2686,840.9261874,1845.073813,18.45073813,FALSE,FALSE,2,686,688.0305169,2.030516949,0.055099455,TRUE,FALSE,2,6732,917.3740226,5814.625977,142.9266285,FALSE,FALSE,2,553,688.0305169,135.0305169,1.350305169,TRUE,FALSE,2,1194,764.4783522,429.5216478,7.652898395,FALSE,FALSE,2,229,535.1348465,306.1348465,7.446385165,TRUE,FALSE,2,315,611.5826817,296.5826817,7.125946313,TRUE,FALSE,2,1449,764.4783522,684.5216478,15.15562979,FALSE,FALSE,2,1178,764.4783522,413.5216478,8.951527435,FALSE,FALSE,2,218,535.1348465,317.1348465,5.872867528,TRUE,FALSE,1,475,475,12.08946488,FALSE,1,639,639,15.39849916,FALSE,1,201,201,4.006303237,FALSE,1,186,186,1.86,FALSE,1,2260,2260,28.01340034,FALSE,1,362,362,7.743972835,FALSE,1,126,126,1.676494157,FALSE,1,222,222,6.105929648,FALSE
4/5/2013 9:00,3,889,916.6831626,27.68316264,0,0,None,FALSE,3,53,509.2684237,789.4032702,0,0,None,FALSE,3,456,814.8294779,594.4121596,0,0,None,FALSE,3,201,712.9757932,855.0074143,0,0,None,FALSE,3,402,814.8294779,891.7226438,0,0,None,FALSE,3,500,814.8294779,314.8294779,0,0,None,FALSE,3,686,916.6831626,230.6831626,0,0,None,FALSE,3,665,916.6831626,251.6831626,0,0,None,FALSE,3,721,916.6831626,198.7136796,0,0,None,FALSE,3,51,509.2684237,1059.128016,0,0,None,FALSE,2,1195,1018.536847,176.4631526,3.964538829,FALSE,FALSE,2,312,814.8294779,502.8294779,14.10786224,TRUE,FALSE,2,774,916.6831626,142.6831626,2.769872805,TRUE,FALSE,2,512,916.6831626,404.6831626,9.117233731,TRUE,FALSE,2,1184,1018.536847,165.4631526,4.395552447,FALSE,FALSE,2,224,712.9757932,488.9757932,5.159143594,TRUE,FALSE,2,475,814.8294779,339.8294779,4.088217041,TRUE,FALSE,2,1173,1018.536847,154.4631526,2.311781298,FALSE,FALSE,2,954,916.6831626,37.31683736,0.435258574,FALSE,FALSE,2,203,712.9757932,509.9757932,5.099757932,TRUE,FALSE,1,270,270,7.269230769,FALSE,1,200,200,5.376053963,FALSE,1,45,45,1.183645656,FALSE,1,180,180,2.856,FALSE,1,643,643,12.47226131,FALSE,1,454,454,6.574906621,FALSE,1,318,318,3.413589316,FALSE,1,267,267,3.604723618,FALSE
4/5/2013 10:00,3,604,1092.134509,515.8176712,0,0,None,FALSE,3,302,970.7862298,1458.1895,0,0,None,FALSE,3,1187,1213.482787,620.8949469,0,0,None,FALSE,3,115,728.0896724,1468.097087,0,0,None,FALSE,3,142,849.4379511,1599.160595,0,0,None,FALSE,3,374,970.7862298,911.6157077,0,0,None,FALSE,3,924,1092.134509,398.8176712,0,0,None,FALSE,3,623,1092.134509,720.8176712,0,0,None,FALSE,3,422,970.7862298,747.4999094,0,0,None,FALSE,3,1319,1213.482787,953.6108032,0,0,None,FALSE,2,1155,1213.482787,58.48278729,0.981536113,TRUE,FALSE,2,317,970.7862298,653.7862298,7.862956667,TRUE,FALSE,2,157,849.4379511,692.4379511,8.330167969,TRUE,FALSE,2,407,970.7862298,563.7862298,11.24739363,TRUE,FALSE,2,488,970.7862298,482.7862298,13.54415514,TRUE,FALSE,2,225,849.4379511,624.4379511,7.620436432,TRUE,FALSE,2,49,606.7413936,557.7413936,9.077334762,TRUE,FALSE,2,1575,1213.482787,361.5172127,7.738161075,FALSE,FALSE,2,144,849.4379511,705.4379511,8.619384713,TRUE,FALSE,2,149,849.4379511,700.4379511,13.61962683,TRUE,FALSE,1,168,168,4.275852843,FALSE,1,161,161,2.953929174,FALSE,1,1,1,0.021993186,FALSE,1,166,166,1.812166667,FALSE,1,1209,1209,14.54040201,FALSE,1,361,361,5.228064516,FALSE,1,159,159,4.188681135,FALSE,1,350,350,3.5,FALSE
4/5/2013 11:00,3,641,1202.427835,1077.245507,0,0,None,FALSE,3,502,1068.824743,2025.014243,0,0,None,FALSE,3,1145,1336.030928,811.9258752,0,0,None,FALSE,3,116,801.6185569,2153.715644,0,0,None,FALSE,3,489,1068.824743,2178.985337,0,0,None,FALSE,3,401,1068.824743,1579.44045,0,0,None,FALSE,3,1438,1336.030928,296.8485994,0,0,None,FALSE,3,1144,1336.030928,912.8485994,0,0,None,FALSE,3,156,935.2216498,1526.721559,0,0,None,FALSE,3,805,1202.427835,1351.038639,0,0,None,FALSE,2,1192,1336.030928,144.0309282,3.843225269,TRUE,FALSE,2,254,935.2216498,681.2216498,14.21779189,TRUE,FALSE,2,46,668.0154641,622.0154641,6.679360689,TRUE,FALSE,2,357,1068.824743,711.8247426,16.69270753,TRUE,FALSE,2,753,1202.427835,449.4278354,8.091221944,TRUE,FALSE,2,223,935.2216498,712.2216498,11.69993495,TRUE,FALSE,2,48,668.0154641,620.0154641,14.09598916,TRUE,FALSE,2,1412,1336.030928,75.96907176,1.458402916,FALSE,FALSE,2,70,801.6185569,731.6185569,14.21430339,TRUE,FALSE,2,154,935.2216498,781.2216498,18.37317584,TRUE,FALSE,1,657,657,8.141086957,FALSE,1,161,161,4.208263069,FALSE,1,143,143,1.912350937,FALSE,1,388,388,10.9222,FALSE,1,439,439,4.794438861,FALSE,1,423,423,9.206893039,FALSE,1,161,161,1.876093489,FALSE,1,554,554,6.867001675,FALSE
4/5/2013 12:00,3,535,1240.046835,1782.292342,0,0,None,FALSE,3,394,1102.263854,2733.278096,0,0,None,FALSE,3,298,1102.263854,1616.189729,0,0,None,FALSE,3,117,826.6978902,2863.413534,0,0,None,FALSE,3,460,1102.263854,2821.249191,0,0,None,FALSE,3,471,1102.263854,2210.704304,0,0,None,FALSE,3,353,1102.263854,1046.112453,0,0,None,FALSE,3,477,1102.263854,1538.112453,0,0,None,FALSE,3,118,826.6978902,2235.419449,0,0,None,FALSE,3,450,1102.263854,2003.302492,0,0,None,FALSE,2,1086,1377.829817,291.829817,3.132306702,TRUE,FALSE,2,315,1102.263854,787.2638536,17.88157095,TRUE,FALSE,2,207,964.4808719,757.4808719,20.15712521,TRUE,FALSE,2,740,1240.046835,500.0468353,7.396002605,TRUE,FALSE,2,656,1240.046835,584.0468353,13.23246552,TRUE,FALSE,2,261,1102.263854,841.2638536,19.99932767,TRUE,FALSE,2,47,688.9149085,641.9149085,16.37098424,TRUE,FALSE,2,1281,1377.829817,96.82981695,2.517899086,TRUE,FALSE,2,35,688.9149085,653.9149085,9.440553048,TRUE,FALSE,2,116,826.6978902,710.6978902,16.97778293,TRUE,FALSE,1,866,866,12.80173913,FALSE,1,160,160,4.182124789,FALSE,1,3,3,0.044616695,FALSE,1,92,92,0.92,FALSE,1,842,842,21.91738693,FALSE,1,352,352,6.938404075,FALSE,1,162,162,1.738998331,FALSE,1,453,453,7.618291457,FALSE
4/5/2013 13:00,3,478,1068.824743,0,2373.117084,295.4451135,TRUE,TRUE,3,1038,1336.030928,0,3031.309024,413.6634058,TRUE,TRUE,3,457,1068.824743,0,2228.014471,287.1245631,TRUE,TRUE,3,158,935.2216498,0,3640.635184,464.5939991,TRUE,TRUE,3,349,1068.824743,0,3541.073934,439.1759308,TRUE,TRUE,3,464,1068.824743,0,2815.529046,361.0280389,TRUE,TRUE,3,190,935.2216498,0,1791.334103,234.2560067,TRUE,TRUE,3,589,1202.427835,0,2151.540288,288.9673058,TRUE,TRUE,3,120,801.6185569,0,2917.038006,360.8484052,TRUE,TRUE,3,344,1068.824743,0,2728.127235,349.3852438,TRUE,TRUE,2,1062,1336.030928,274.0309282,29.81913217,TRUE,TRUE,2,257,1068.824743,811.8247426,91.43567118,TRUE,TRUE,2,104,801.6185569,697.6185569,71.74000227,TRUE,TRUE,2,474,1068.824743,594.8247426,63.1590292,TRUE,TRUE,2,194,935.2216498,741.2216498,87.29107754,TRUE,TRUE,2,237,935.2216498,698.2216498,81.4786199,TRUE,TRUE,2,159,935.2216498,776.2216498,89.13525119,TRUE,TRUE,2,1647,1336.030928,310.9690718,32.62575178,FALSE,TRUE,2,41,668.0154641,627.0154641,72.22796624,TRUE,TRUE,2,154,935.2216498,781.2216498,82.31761458,TRUE,TRUE,1,1125,1125,116.7892977,TRUE,1,160,160,19.2,TRUE,1,0,0,0,TRUE,1,102,102,11.1928,TRUE,1,582,582,63.72753769,TRUE,1,568,568,63.38648557,TRUE,1,146,146,16.52797997,TRUE,1,143,143,14.92038526,TRUE
4/5/2013 14:00,3,674,1092.134509,0,418.1345086,56.91820919,TRUE,TRUE,3,228,849.4379511,0,621.4379511,82.60603289,TRUE,TRUE,3,712,1092.134509,0,380.1345086,47.15462808,TRUE,TRUE,3,120,728.0896724,0,608.0896724,85.13255413,TRUE,TRUE,3,356,970.7862298,0,614.7862298,75.45756864,TRUE,TRUE,3,641,1092.134509,0,451.1345086,61.58212363,TRUE,TRUE,3,336,970.7862298,0,634.7862298,88.16712098,TRUE,TRUE,3,622,1092.134509,0,470.1345086,58.91201371,TRUE,TRUE,3,90,728.0896724,0,638.0896724,88.85989512,TRUE,TRUE,3,310,970.7862298,0,660.7862298,90.90850555,TRUE,TRUE,2,1018,1092.134509,74.13450856,8.597131842,TRUE,TRUE,2,296,970.7862298,674.7862298,71.4007473,TRUE,TRUE,2,288,970.7862298,682.7862298,73.36515127,TRUE,TRUE,2,281,970.7862298,689.7862298,76.16534049,TRUE,TRUE,2,149,849.4379511,700.4379511,71.92822209,TRUE,TRUE,2,234,849.4379511,615.4379511,73.85255413,TRUE,TRUE,2,244,849.4379511,605.4379511,69.30029702,TRUE,TRUE,2,3057,1334.831066,1722.168934,198.423812,FALSE,TRUE,2,33,606.7413936,573.7413936,60.89372943,TRUE,TRUE,2,115,728.0896724,613.0896724,71.98126894,TRUE,TRUE,1,252,252,26.02173913,TRUE,1,160,160,19.14064081,TRUE,1,0,0,0,TRUE,1,57,57,6.422,TRUE,1,120,120,13.86934673,TRUE,1,453,453,52.24497453,TRUE,1,144,144,14.6884808,TRUE,1,165,165,18.61432161,TRUE
4/5/2013 15:00,3,494,814.8294779,0,320.8294779,40.00140688,TRUE,TRUE,3,112,611.1221084,0,499.1221084,62.90965458,TRUE,TRUE,3,743,916.6831626,0,173.6831626,22.54366447,TRUE,TRUE,3,154,712.9757932,0,558.9757932,68.33596503,TRUE,TRUE,3,438,814.8294779,0,376.8294779,49.3652907,TRUE,TRUE,3,421,814.8294779,0,393.8294779,50.64462684,TRUE,TRUE,3,174,712.9757932,0,538.9757932,71.27864432,TRUE,TRUE,3,496,814.8294779,0,318.8294779,41.06459803,TRUE,TRUE,3,142,712.9757932,0,570.9757932,76.87025956,TRUE,TRUE,3,651,916.6831626,0,265.6831626,32.73756936,TRUE,TRUE,2,1015,916.6831626,98.31683736,11.27530263,FALSE,TRUE,2,261,814.8294779,553.8294779,60.0306625,TRUE,TRUE,2,243,712.9757932,469.9757932,51.10592476,TRUE,TRUE,2,306,814.8294779,508.8294779,54.96551596,TRUE,TRUE,2,165,712.9757932,547.9757932,59.94354489,TRUE,TRUE,2,234,712.9757932,478.9757932,51.3199773,TRUE,TRUE,2,59,509.2684237,450.2684237,46.46981668,TRUE,TRUE,2,4001,1120.390532,2880.609468,343.5536242,FALSE,TRUE,2,39,509.2684237,470.2684237,51.99825142,TRUE,TRUE,2,144,712.9757932,568.9757932,60.79611716,TRUE,TRUE,1,219,219,23.94351171,TRUE,1,208,208,22.56782462,TRUE,1,1,1,0.103134583,TRUE,1,70,70,7.707,TRUE,1,689,689,80.5218258,TRUE,1,380,380,41.83870968,TRUE,1,142,142,14.77131886,TRUE,1,146,146,16.04043551,TRUE
4/5/2013 16:00,3,544,688.0305169,0,144.0305169,20.00477549,TRUE,TRUE,3,77,458.6870113,0,381.6870113,47.2555645,TRUE,TRUE,3,766,688.0305169,0,77.96948305,10.68431736,FALSE,TRUE,3,141,535.1348465,0,394.1348465,48.69386986,TRUE,TRUE,3,1107,764.4783522,0,342.5216478,44.93380816,FALSE,TRUE,3,428,611.5826817,0,183.5826817,22.45971404,TRUE,TRUE,3,377,611.5826817,0,234.5826817,28.68521115,TRUE,TRUE,3,590,688.0305169,0,98.03051695,13.72427237,TRUE,TRUE,3,137,535.1348465,0,398.1348465,54.41176236,TRUE,TRUE,3,1594,764.4783522,0,829.5216478,112.8852426,FALSE,TRUE,2,964,688.0305169,275.9694831,29.5241352,FALSE,TRUE,2,304,611.5826817,307.5826817,34.18959256,TRUE,TRUE,2,145,535.1348465,390.1348465,43.35995341,TRUE,TRUE,2,259,611.5826817,352.5826817,36.78789823,TRUE,TRUE,2,1119,764.4783522,354.5216478,39.24332691,FALSE,TRUE,2,224,535.1348465,311.1348465,31.79392981,TRUE,TRUE,2,628,688.0305169,60.03051695,6.838039926,TRUE,TRUE,2,2497,840.9261874,1656.073813,193.5501652,FALSE,TRUE,2,41,382.2391761,341.2391761,37.03735461,TRUE,TRUE,2,136,535.1348465,399.1348465,46.78747367,TRUE,TRUE,1,168,168,19.38742475,TRUE,1,243,243,25.55392917,TRUE,1,62,62,7.114684838,TRUE,1,76,76,9.12,TRUE,1,709,709,75.15162479,TRUE,1,432,432,46.11178268,TRUE,1,145,145,15.58931553,TRUE,1,313,313,36.00286432,TRUE
4/5/2013 17:00,3,575,421.7588714,0,153.2411286,2.126349217,FALSE,FALSE,3,83,281.1725809,198.1725809,0,0,None,FALSE,3,299,374.8967746,75.89677459,0,0,None,FALSE,3,361,374.8967746,13.89677459,0,0,None,FALSE,3,500,374.8967746,0,125.1032254,3.525446486,FALSE,FALSE,3,430,374.8967746,0,55.10322541,1.078106584,FALSE,FALSE,3,888,421.7588714,0,466.2411286,10.59994512,FALSE,FALSE,3,536,421.7588714,0,114.2411286,1.37318218,FALSE,FALSE,3,131,328.0346778,197.0346778,0,0,None,FALSE,3,288,374.8967746,86.89677459,0,0,None,FALSE,2,982,421.7588714,560.2411286,11.14879846,FALSE,FALSE,2,254,328.0346778,74.03467776,0.767629238,TRUE,FALSE,2,1582,468.6209682,1113.379032,14.01064218,FALSE,FALSE,2,271,374.8967746,103.8967746,2.685305246,TRUE,FALSE,2,316,374.8967746,58.89677459,1.2138117,TRUE,FALSE,2,535,421.7588714,113.2411286,1.257184483,FALSE,FALSE,2,63,281.1725809,218.1725809,2.906527337,TRUE,FALSE,2,902,421.7588714,480.2411286,12.22285949,FALSE,FALSE,2,39,234.3104841,195.3104841,3.433525485,TRUE,FALSE,2,154,328.0346778,174.0346778,2.256005082,TRUE,FALSE,1,393,393,8.918076923,FALSE,1,245,245,2.677234401,FALSE,1,21,21,0.296575809,FALSE,1,239,239,6.158233333,FALSE,1,120,120,1.84120603,FALSE,1,359,359,9.557079796,FALSE,1,143,143,2.53293823,FALSE,1,297,297,6.855376884,FALSE
4/5/2013 18:00,3,520,136.0141986,0,383.9858014,6.745522383,FALSE,FALSE,3,65,90.67613243,223.8487134,0,0,None,FALSE,3,319,120.9015099,0,122.2017155,2.740780466,FALSE,FALSE,3,283,120.9015099,0,148.2017155,2.331374886,FALSE,FALSE,3,703,136.0141986,0,566.9858014,12.54183951,FALSE,FALSE,3,429,120.9015099,0,308.0984901,8.52165389,FALSE,FALSE,3,1041,151.1268874,0,889.8731126,20.39541396,FALSE,FALSE,3,815,136.0141986,0,678.9858014,18.75995828,FALSE,FALSE,3,85,90.67613243,202.7108102,0,0,None,FALSE,3,281,120.9015099,0,73.20171551,0.909438262,FALSE,FALSE,2,969,136.0141986,832.9858014,22.37955186,FALSE,FALSE,2,1210,151.1268874,1058.873113,17.80751432,FALSE,FALSE,2,255,120.9015099,134.0984901,3.271463164,FALSE,FALSE,2,313,120.9015099,192.0984901,3.018230883,FALSE,FALSE,2,180,105.7888212,74.21117884,1.736616926,FALSE,FALSE,2,1581,151.1268874,1429.873113,27.16520204,FALSE,FALSE,2,165,105.7888212,59.21117884,0.592111788,FALSE,FALSE,2,964,136.0141986,827.9858014,19.39812889,FALSE,FALSE,2,40,75.56344369,35.56344369,0.460830506,TRUE,FALSE,2,125,90.67613243,34.32386757,0.902590592,FALSE,FALSE,1,469,469,7.27812709,FALSE,1,427,427,7.359089376,FALSE,1,81,81,1.29572402,FALSE,1,573,573,12.34815,FALSE,1,67,67,1.620569514,FALSE,1,524,524,8.17582343,FALSE,1,144,144,2.89442404,FALSE,1,624,624,11.52884422,FALSE
4/5/2013 19:00,3,672,0,0,672,90.97932886,FALSE,TRUE,3,67,0,0,156.8487134,19.33140488,TRUE,TRUE,3,352,0,0,352,48.6270489,FALSE,TRUE,3,190,0,0,190,25.37058824,FALSE,TRUE,3,1037,0,0,1037,143.2756594,FALSE,TRUE,3,1160,0,0,1160,153.2247492,FALSE,TRUE,3,969,0,0,969,124.214094,FALSE,TRUE,3,1652,0,0,1652,214.2911519,FALSE,TRUE,3,143,0,0,59.71081019,7.884038457,TRUE,TRUE,3,1134,0,0,1134,141.4232542,FALSE,TRUE,2,992,0,992,115.9482667,FALSE,TRUE,2,1431,0,1431,152.4722111,FALSE,TRUE,2,109,0,109,11.30966443,FALSE,TRUE,2,296,0,296,33.55658291,FALSE,TRUE,2,128,0,128,14.59763113,FALSE,TRUE,2,2269,0,2269,254.3628548,FALSE,TRUE,2,179,0,179,19.79511745,FALSE,TRUE,2,1405,0,1405,162.914214,FALSE,TRUE,2,42,0,42,4.581882353,FALSE,TRUE,2,161,0,161,18.18703704,FALSE,TRUE,1,241,241,28.21070234,TRUE,1,369,369,38.80411467,TRUE,1,1371,1371,142.9390119,TRUE,1,432,432,47.1672,TRUE,1,63,63,6.828693467,TRUE,1,1336,1336,153.8328014,TRUE,1,471,471,53.66569282,TRUE,1,589,589,65.6878057,TRUE
4/5/2013 20:00,3,754,0,0,754,99.29775168,FALSE,TRUE,3,300,0,0,300,39.20812183,FALSE,TRUE,3,1334,0,0,1334,164.4891737,FALSE,TRUE,3,846,0,0,846,110.6198319,FALSE,TRUE,3,497,0,0,497,61.91342237,FALSE,TRUE,3,416,0,0,416,56.78608696,FALSE,TRUE,3,191,0,0,191,24.02562081,FALSE,TRUE,3,6207,0,0,6207,773.232621,FALSE,TRUE,3,169,0,0,169,20.71814815,FALSE,TRUE,3,408,0,0,408,55.59864407,FALSE,TRUE,2,1181,0,1181,124.6151833,FALSE,TRUE,2,2636,0,2636,275.0359129,FALSE,TRUE,2,171,0,171,19.3838255,FALSE,TRUE,2,325,0,325,33.85008375,FALSE,TRUE,2,371,0,371,43.20800338,FALSE,TRUE,2,1872,0,1872,196.4506177,FALSE,TRUE,2,113,0,113,13.56,FALSE,TRUE,2,1607,0,1607,171.2610535,FALSE,TRUE,2,39,0,39,4.521378151,FALSE,TRUE,2,148,0,148,17.76,FALSE,TRUE,1,352,352,39.65003344,TRUE,1,409,409,46.80394604,TRUE,1,484,484,51.18691652,TRUE,1,468,468,53.7576,TRUE,1,147,147,15.47316583,TRUE,1,908,908,106.7555178,TRUE,1,173,173,20.21991653,TRUE,1,601,601,62.92882747,TRUE
4/5/2013 21:00,3,1067,0,0,1067,139.9273826,FALSE,TRUE,3,155,0,0,155,19.50744501,FALSE,TRUE,3,426,0,0,426,59.64,FALSE,TRUE,3,312,0,0,312,43.44927731,FALSE,TRUE,3,393,0,0,393,55.02,FALSE,TRUE,3,387,0,0,387,54.10881271,FALSE,TRUE,3,722,0,0,722,97.48211409,FALSE,TRUE,3,3699,0,0,3699,450.6110684,FALSE,TRUE,3,160,0,0,160,21.71851852,FALSE,TRUE,3,1819,0,0,1819,226.5117458,FALSE,TRUE,2,1365,0,1365,141.02725,FALSE,TRUE,2,3076,0,3076,348.7163819,FALSE,TRUE,2,198,0,198,23.76,FALSE,TRUE,2,423,0,423,45.14834171,FALSE,TRUE,2,405,0,405,43.92639594,FALSE,TRUE,2,582,0,582,64.81672788,FALSE,TRUE,2,257,0,257,27.09280201,FALSE,TRUE,2,1405,0,1405,156.9699833,FALSE,TRUE,2,34,0,34,4.054857143,FALSE,TRUE,2,167,0,167,19.205,FALSE,TRUE,1,2199,2199,240.8235953,TRUE,1,195,195,21.55522766,TRUE,1,488,488,55.54221465,TRUE,1,400,400,46.97333333,TRUE,1,139,139,14.47742044,TRUE,1,2266,2266,271.92,TRUE,1,149,149,15.36267112,TRUE,1,630,630,74.09095477,TRUE
4/5/2013 22:00,3,785,0,0,785,18.71619128,FALSE,FALSE,3,178,0,0,178,3.966598985,FALSE,FALSE,3,322,0,0,322,5.430016863,FALSE,FALSE,3,393,0,0,393,3.93,FALSE,FALSE,3,133,0,0,133,1.794056761,FALSE,FALSE,3,339,0,0,339,6.258461538,FALSE,FALSE,3,674,0,0,674,14.70134228,FALSE,FALSE,3,1958,0,0,1958,30.3669783,FALSE,FALSE,3,157,0,0,157,4.041296296,FALSE,FALSE,3,94,0,0,94,2.11420339,FALSE,FALSE,2,1187,0,1187,20.13943333,FALSE,FALSE,2,2097,0,2097,39.51633166,FALSE,FALSE,2,114,0,114,1.623926174,FALSE,FALSE,2,796,0,796,20.57333333,FALSE,FALSE,2,830,0,830,19.11387479,FALSE,FALSE,2,620,0,620,10.86811352,FALSE,FALSE,2,241,0,241,3.833355705,FALSE,FALSE,2,1512,0,1512,20.9606689,FALSE,FALSE,2,40,0,40,0.888067227,FALSE,FALSE,2,162,0,162,3.51,FALSE,FALSE,1,411,411,10.00695652,FALSE,1,161,161,4.297858347,FALSE,1,509,509,7.665349233,FALSE,1,871,871,12.5424,FALSE,1,78,78,2.188442211,FALSE,1,596,596,13.19497453,FALSE,1,163,163,2.318464107,FALSE,1,553,553,8.58678392,FALSE
4/5/2013 23:00,3,323,0,0,323,6.866459732,FALSE,FALSE,3,199,0,0,199,4.619763113,FALSE,FALSE,3,273,0,0,273,6.32549747,FALSE,FALSE,3,258,0,0,258,6.061915966,FALSE,FALSE,3,69,0,0,69,1.12081803,FALSE,FALSE,3,168,0,0,168,2.545284281,FALSE,FALSE,3,634,0,0,634,17.1052349,FALSE,FALSE,3,1164,0,0,1164,21.47278798,FALSE,FALSE,3,170,0,0,170,4.218518519,FALSE,FALSE,3,83,0,0,83,1.526355932,FALSE,FALSE,2,1199,0,1199,16.38633333,FALSE,FALSE,2,870,0,870,9.180904523,FALSE,FALSE,2,121,0,121,1.835302013,FALSE,FALSE,2,557,0,557,6.904187605,FALSE,FALSE,2,1306,0,1306,33.72175973,FALSE,FALSE,2,283,0,283,3.349699499,FALSE,FALSE,2,67,0,67,1.56033557,FALSE,FALSE,2,4617,0,4617,86.93548495,FALSE,FALSE,2,47,0,47,1.112991597,FALSE,FALSE,2,161,0,161,2.027407407,FALSE,FALSE,1,269,269,6.20319398,FALSE,1,162,162,1.920505902,FALSE,1,431,431,10.36749574,FALSE,1,246,246,4.6699,FALSE,1,67,67,1.892160804,FALSE,1,469,469,9.15704584,FALSE,1,200,200,3.579298831,FALSE,1,514,514,12.33772194,FALSE
4/6/2013 0:00,3,390,0,0,390,11.02600671,FALSE,FALSE,3,855,0,0,855,23.03147208,FALSE,FALSE,3,240,0,0,240,3.423946037,FALSE,FALSE,3,200,0,0,200,2,FALSE,FALSE,3,61,0,0,61,1.136494157,FALSE,FALSE,3,183,0,0,183,4.018043478,FALSE,FALSE,3,560,0,0,560,10.56107383,FALSE,FALSE,3,1021,0,0,1021,11.89746244,FALSE,FALSE,3,123,0,0,123,1.913333333,FALSE,FALSE,3,81,0,0,81,2.154050847,FALSE,FALSE,2,1132,0,1132,22.73433333,FALSE,FALSE,2,1114,0,1114,27.97128978,FALSE,FALSE,2,21,0,21,0.221627517,FALSE,FALSE,2,595,0,595,16.14572864,FALSE,FALSE,2,254,0,254,4.431032149,FALSE,FALSE,2,260,0,260,2.6,FALSE,FALSE,2,49,0,49,0.860788591,FALSE,FALSE,2,2983,0,2983,29.83,FALSE,FALSE,2,38,0,38,0.682084034,FALSE,FALSE,2,147,0,147,3.157777778,FALSE,FALSE,1,241,241,3.73993311,FALSE,1,163,163,2.960387858,FALSE,1,100,100,2.255536627,FALSE,1,229,229,5.94255,FALSE,1,753,753,11.2760804,FALSE,1,384,384,10.15089983,FALSE,1,55,55,1.085308848,FALSE,1,231,231,3.203819095,FALSE
4/6/2013 1:00,3,341,0,0,341,4.920469799,FALSE,FALSE,3,5181,0,0,5181,96.16847716,FALSE,FALSE,3,232,0,0,232,6.150151771,FALSE,FALSE,3,128,0,0,128,2.297546218,FALSE,FALSE,3,60,0,0,60,0.853422371,FALSE,FALSE,3,180,0,0,180,2.097993311,FALSE,FALSE,3,574,0,0,574,10.71916107,FALSE,FALSE,3,915,0,0,915,20.57604341,FALSE,FALSE,3,56,0,0,56,1.482962963,FALSE,FALSE,3,78,0,0,78,1.521661017,FALSE,FALSE,2,1186,0,1186,28.38493333,FALSE,FALSE,2,1950,0,1950,39.26130653,FALSE,FALSE,2,81,0,81,1.72192953,FALSE,FALSE,2,360,0,360,8.044221106,FALSE,FALSE,2,403,0,403,8.005448393,FALSE,FALSE,2,271,0,271,5.596444073,FALSE,FALSE,2,50,0,50,1.109060403,FALSE,FALSE,2,1237,0,1237,31.93859532,FALSE,FALSE,2,40,0,40,1.043361345,FALSE,FALSE,2,164,0,164,3.431851852,FALSE,FALSE,1,212,212,4.888762542,FALSE,1,160,160,1.985834739,FALSE,1,106,106,1.06,FALSE,1,297,297,7.48935,FALSE,1,416,416,10.52194305,FALSE,1,359,359,8.417300509,FALSE,1,57,57,1.103839733,FALSE,1,130,130,3.623450586,FALSE
4/6/2013 2:00,3,387,0,0,387,9.58409396,FALSE,FALSE,3,3286,0,0,3286,41.42250423,FALSE,FALSE,3,211,0,0,211,3.127639123,FALSE,FALSE,3,170,0,0,170,2.642857143,FALSE,FALSE,3,59,0,0,59,0.871702838,FALSE,FALSE,3,174,0,0,174,3.660401338,FALSE,FALSE,3,398,0,0,398,7.799731544,FALSE,FALSE,3,818,0,0,818,8.18,FALSE,FALSE,3,1586,0,0,1586,27.31444444,FALSE,FALSE,3,72,0,0,72,0.72,FALSE,FALSE,2,1298,0,1298,36.5387,FALSE,FALSE,2,652,0,652,12.04616415,FALSE,FALSE,2,53,0,53,1.410369128,FALSE,FALSE,2,282,0,282,5.573869347,FALSE,FALSE,2,165,0,165,2.755583756,FALSE,FALSE,2,256,0,256,3.265175292,FALSE,FALSE,2,49,0,49,0.860788591,FALSE,FALSE,2,1071,0,1071,17.99924749,FALSE,FALSE,2,3706,0,3706,47.33714286,FALSE,FALSE,2,147,0,147,4.165,FALSE,FALSE,1,249,249,4.322107023,FALSE,1,159,159,4.362445194,FALSE,1,103,103,2.207393526,FALSE,1,238,238,3.339933333,FALSE,1,250,250,4.664991625,FALSE,1,402,402,11.30241087,FALSE,1,180,180,4.940233723,FALSE,1,177,177,3.009296482,FALSE
4/6/2013 3:00,3,468,0,0,468,5.025503356,FALSE,FALSE,3,3678,0,0,3678,40.20284264,FALSE,FALSE,3,234,0,0,234,3.381753794,FALSE,FALSE,3,69,0,0,69,0.957882353,FALSE,FALSE,3,59,0,0,59,1.64096828,FALSE,FALSE,3,147,0,0,147,2.389364548,FALSE,FALSE,3,424,0,0,424,9.326577181,FALSE,FALSE,3,667,0,0,667,14.26422371,FALSE,FALSE,3,429,0,0,429,8.182777778,FALSE,FALSE,3,61,0,0,61,1.497084746,FALSE,FALSE,2,1254,0,1254,32.3114,FALSE,FALSE,2,385,0,385,7.680653266,FALSE,FALSE,2,6133,0,6133,107.7391107,FALSE,FALSE,2,310,0,310,8.012227806,FALSE,FALSE,2,406,0,406,5.34463621,FALSE,FALSE,2,323,0,323,4.772203673,FALSE,FALSE,2,67,0,67,1.683993289,FALSE,FALSE,2,1078,0,1078,24.06571906,FALSE,FALSE,2,5139,0,5139,70.39134454,FALSE,FALSE,2,157,0,157,1.686296296,FALSE,FALSE,1,207,207,3.859615385,FALSE,1,163,163,2.385902192,FALSE,1,97,97,2.624122658,FALSE,1,135,135,1.77075,FALSE,1,249,249,6.75678392,FALSE,1,386,386,9.194533107,FALSE,1,56,56,1.063906511,FALSE,1,124,124,2.062512563,FALSE
4/6/2013 4:00,3,417,0,0,417,8.249043624,FALSE,FALSE,3,3430,0,0,3430,85.37275804,FALSE,FALSE,3,233,0,0,233,2.891871838,FALSE,FALSE,3,43,0,0,43,0.89107563,FALSE,FALSE,3,57,0,0,57,1.082904841,FALSE,FALSE,3,170,0,0,170,3.607525084,FALSE,FALSE,3,251,0,0,251,2.973255034,FALSE,FALSE,3,482,0,0,482,6.501769616,FALSE,FALSE,3,70,0,0,70,1.322222222,FALSE,FALSE,3,70,0,0,70,1.744067797,FALSE,FALSE,2,1304,0,1304,36.22946667,FALSE,FALSE,2,457,0,457,6.675108878,FALSE,FALSE,2,4801,0,4801,70.1622651,FALSE,FALSE,2,286,0,286,7.918894472,FALSE,FALSE,2,197,0,197,3.253333333,FALSE,FALSE,2,376,0,376,7.281469115,FALSE,FALSE,2,40,0,40,1.027516779,FALSE,FALSE,2,1168,0,1168,16.40668896,FALSE,FALSE,2,2902,0,2902,61.7467563,FALSE,FALSE,2,137,0,137,2.841481481,FALSE,FALSE,1,242,242,6.693444816,FALSE,1,160,160,3.083979764,FALSE,1,241,241,4.668091993,FALSE,1,53,53,0.782633333,FALSE,1,220,220,3.537688442,FALSE,1,352,352,9.502207131,FALSE,1,52,52,0.577295492,FALSE,1,130,130,2.32998325,FALSE
4/6/2013 5:00,3,356,0,0,356,8.750671141,FALSE,FALSE,3,3784,0,0,3784,70.23769882,FALSE,FALSE,3,265,0,0,265,3.829763912,FALSE,FALSE,3,43,0,0,43,1.169310924,FALSE,FALSE,3,74,0,0,74,0.835125209,FALSE,FALSE,3,182,0,0,182,4.933478261,FALSE,FALSE,3,192,0,0,192,5.038389262,FALSE,FALSE,3,611,0,0,611,15.31070117,FALSE,FALSE,3,126,0,0,126,2.31,FALSE,FALSE,3,77,0,0,77,1.975898305,FALSE,FALSE,2,1495,0,1495,42.35833333,FALSE,FALSE,2,478,0,478,11.73782245,FALSE,FALSE,2,4633,0,4633,129.2731376,FALSE,FALSE,2,297,0,297,3.24361809,FALSE,FALSE,2,465,0,465,4.996192893,FALSE,FALSE,2,370,0,370,3.971786311,FALSE,FALSE,2,68,0,68,0.705100671,FALSE,FALSE,2,4260,0,4260,68.45919732,FALSE,FALSE,2,977,0,977,11.39559664,FALSE,FALSE,2,178,0,178,3.23037037,FALSE,FALSE,1,230,230,6.446153846,FALSE,1,209,209,2.787841484,FALSE,1,103,103,2.786439523,FALSE,1,90,90,1.0155,FALSE,1,126,126,1.561809045,FALSE,1,347,347,8.39516129,FALSE,1,48,48,1.290951586,FALSE,1,212,212,3.994974874,FALSE
4/6/2013 6:00,3,327,0,0,327,6.408322148,FALSE,FALSE,3,2161,0,0,2161,60.62500846,FALSE,FALSE,3,348,0,0,348,4.835615514,FALSE,FALSE,3,44,0,0,44,0.789781513,FALSE,FALSE,3,52,0,0,52,1.388981636,FALSE,FALSE,3,200,0,0,200,4.464882943,FALSE,FALSE,3,455,0,0,455,6.733389262,FALSE,FALSE,3,646,0,0,646,10.25619366,FALSE,FALSE,3,404,0,0,404,5.835555556,FALSE,FALSE,3,202,0,0,202,2.810881356,FALSE,FALSE,2,1379,0,1379,38.0604,FALSE,FALSE,2,464,0,464,4.725494137,FALSE,FALSE,2,4651,0,4651,84.27986577,FALSE,FALSE,2,275,0,275,6.144891122,FALSE,FALSE,2,188,0,188,4.959255499,FALSE,FALSE,2,534,0,534,12.59669449,FALSE,FALSE,2,217,0,217,3.571761745,FALSE,FALSE,2,4192,0,4192,62.73979933,FALSE,FALSE,2,739,0,739,20.23245378,FALSE,FALSE,2,125,0,125,1.851851852,FALSE,FALSE,1,300,300,3.551839465,FALSE,1,306,306,3.968195616,FALSE,1,103,103,1.396729131,FALSE,1,203,203,3.667533333,FALSE,1,119,119,2.812546064,FALSE,1,609,609,7.796027165,FALSE,1,188,188,4.780033389,FALSE,1,316,316,8.807772194,FALSE
4/6/2013 7:00,3,606,431.0334032,0,174.9665968,1.846543447,FALSE,FALSE,3,1218,478.9260035,0,739.0739965,18.53312458,FALSE,FALSE,3,279,383.1408028,104.1408028,0,0,None,FALSE,3,190,335.2482025,145.2482025,0,0,None,FALSE,3,87,287.3556021,200.3556021,0,0,None,FALSE,3,282,383.1408028,101.1408028,0,0,None,FALSE,3,2187,526.8186039,0,1660.181396,16.60181396,FALSE,FALSE,3,748,431.0334032,0,316.9665968,5.90542107,FALSE,FALSE,3,86,287.3556021,201.3556021,0,0,None,FALSE,3,70,287.3556021,217.3556021,0,0,None,FALSE,2,1177,478.9260035,698.0739965,16.32329695,FALSE,FALSE,2,444,383.1408028,60.85919719,0.967426769,FALSE,FALSE,2,5101,574.7112042,4526.288796,52.7813878,FALSE,FALSE,2,271,383.1408028,112.1408028,1.245382785,TRUE,FALSE,2,427,383.1408028,43.85919719,0.667164438,FALSE,FALSE,2,424,383.1408028,40.85919719,1.068887513,FALSE,FALSE,2,81,287.3556021,206.3556021,2.634842503,TRUE,FALSE,2,4228,574.7112042,3653.288796,84.91758238,FALSE,FALSE,2,717,431.0334032,285.9665968,4.339963646,FALSE,FALSE,2,182,335.2482025,153.2482025,2.412240224,TRUE,FALSE,1,696,696,8.49632107,FALSE,1,295,295,4.263322091,FALSE,1,62,62,1.456524702,FALSE,1,162,162,2.1843,FALSE,1,139,139,1.646113903,FALSE,1,565,565,13.1417657,FALSE,1,53,53,1.483823038,FALSE,1,215,215,4.130737018,FALSE
4/6/2013 8:00,3,492,619.6628484,127.6628484,0,0,None,FALSE,3,69,464.7471363,395.7471363,0,0,None,FALSE,3,443,619.6628484,280.8036512,0,0,None,FALSE,3,213,542.2049924,474.4531948,0,0,None,FALSE,3,628,697.1207045,269.4763066,0,0,None,FALSE,3,461,619.6628484,259.8036512,0,0,None,FALSE,3,242,542.2049924,300.2049924,0,0,None,FALSE,3,726,697.1207045,0,28.87929552,0.750186708,FALSE,FALSE,3,531,697.1207045,367.4763066,0,0,None,FALSE,3,261,619.6628484,576.0184505,0,0,None,FALSE,2,1258,774.5785605,483.4214395,7.493032312,FALSE,FALSE,2,382,619.6628484,237.6628484,6.273980722,TRUE,FALSE,2,5284,929.4942726,4354.505727,74.08504711,FALSE,FALSE,2,299,619.6628484,320.6628484,4.62463505,TRUE,FALSE,2,1075,774.5785605,300.4214395,4.290282486,FALSE,FALSE,2,568,697.1207045,129.1207045,3.567525308,TRUE,FALSE,2,519,697.1207045,178.1207045,2.668821965,TRUE,FALSE,2,1555,774.5785605,780.4214395,12.82866681,FALSE,FALSE,2,118,464.7471363,346.7471363,5.711129304,TRUE,FALSE,2,130,542.2049924,412.2049924,6.335743401,TRUE,FALSE,1,856,856,9.662207358,FALSE,1,307,307,3.354738617,FALSE,1,5,5,0.116524702,FALSE,1,191,191,2.505283333,FALSE,1,127,127,1.574204355,FALSE,1,427,427,5.386434635,FALSE,1,125,125,1.892737896,FALSE,1,176,176,4.257018425,FALSE
4/6/2013 9:00,3,666,925.6150502,387.2778986,0,0,None,FALSE,3,67,617.0767001,945.8238365,0,0,None,FALSE,3,906,925.6150502,300.4187015,0,0,None,FALSE,3,695,925.6150502,705.068245,0,0,None,FALSE,3,1108,1028.461167,189.9374735,0,0,None,FALSE,3,271,822.7689335,811.5725848,0,0,None,FALSE,3,1220,1028.461167,108.6661593,0,0,None,FALSE,3,808,925.6150502,117.6150502,0,0,None,FALSE,3,316,822.7689335,874.2452401,0,0,None,FALSE,3,2426,1131.307284,0,718.6742659,16.0300904,FALSE,FALSE,2,1202,1028.461167,173.5388331,3.580684589,FALSE,FALSE,2,716,925.6150502,209.6150502,3.177581582,TRUE,FALSE,2,471,822.7689335,351.7689335,5.465403229,TRUE,FALSE,2,272,822.7689335,550.7689335,15.14845207,TRUE,FALSE,2,69,617.0767001,548.0767001,12.41750764,TRUE,FALSE,2,1472,1028.461167,443.5388331,4.516839536,FALSE,FALSE,2,1007,925.6150502,81.38494978,1.189367303,FALSE,FALSE,2,998,925.6150502,72.38494978,2.042030272,FALSE,FALSE,2,877,925.6150502,48.61505022,0.980471601,TRUE,FALSE,2,161,719.9228168,558.9228168,9.729397182,TRUE,FALSE,1,370,370,6.694648829,FALSE,1,212,212,3.181787521,FALSE,1,133,133,1.678926746,FALSE,1,161,161,3.499066667,FALSE,1,222,222,3.733467337,FALSE,1,832,832,16.71062818,FALSE,1,142,142,2.436994992,FALSE,1,369,369,5.457738693,FALSE
4/6/2013 10:00,3,676,1100.944928,812.2228269,0,0,None,FALSE,3,90,733.9632855,1589.787122,0,0,None,FALSE,3,630,1100.944928,771.3636298,0,0,None,FALSE,3,612,1100.944928,1194.013173,0,0,None,FALSE,3,1318,1223.272143,95.20961605,0,0,None,FALSE,3,311,978.617714,1479.190299,0,0,None,FALSE,3,585,1100.944928,624.6110876,0,0,None,FALSE,3,540,1100.944928,678.5599785,0,0,None,FALSE,3,99,733.9632855,1509.208526,0,0,None,FALSE,3,431,978.617714,547.617714,0,0,None,FALSE,2,2271,1345.599357,925.4006432,13.66508283,FALSE,FALSE,2,434,978.617714,544.617714,5.44617714,TRUE,FALSE,2,70,733.9632855,663.9632855,15.83039981,TRUE,FALSE,2,595,1100.944928,505.9449283,10.74603298,TRUE,FALSE,2,199,856.2904998,657.2904998,17.09400166,TRUE,FALSE,2,393,978.617714,585.617714,14.24449097,TRUE,FALSE,2,401,978.617714,577.617714,11.53297114,TRUE,FALSE,2,1629,1223.272143,405.7278574,8.609843664,FALSE,FALSE,2,33,611.6360713,578.6360713,8.781653317,TRUE,FALSE,2,139,856.2904998,717.2904998,14.61147314,TRUE,FALSE,1,135,135,3.609782609,FALSE,1,1201,1201,21.14408094,FALSE,1,28,28,0.484633731,FALSE,1,267,267,6.8797,FALSE,1,734,734,18.70040201,FALSE,1,1194,1194,32.45490662,FALSE,1,141,141,3.067161937,FALSE,1,1125,1125,15.81030151,FALSE
4/6/2013 11:00,3,655,1211.161897,1368.384724,0,0,None,FALSE,3,216,942.014809,2315.801931,0,0,None,FALSE,3,1465,1345.735441,652.0990712,0,0,None,FALSE,3,3040,1480.308986,0,365.6778411,9.200331565,FALSE,FALSE,3,778,1211.161897,528.3715133,0,0,None,FALSE,3,184,942.014809,2237.205108,0,0,None,FALSE,3,476,1076.588353,1225.199441,0,0,None,FALSE,3,740,1211.161897,1149.721876,0,0,None,FALSE,3,107,807.4412649,2209.649791,0,0,None,FALSE,3,156,942.014809,1333.632523,0,0,None,FALSE,2,1312,1345.735441,33.73544143,0.417757216,TRUE,FALSE,2,506,1076.588353,570.5883531,9.490690698,TRUE,FALSE,2,125,807.4412649,682.4412649,15.13737168,TRUE,FALSE,2,316,1076.588353,760.5883531,15.31368845,TRUE,FALSE,2,0,0,0,0,FALSE,FALSE,2,614,1211.161897,597.1618973,14.96394003,TRUE,FALSE,2,448,1076.588353,628.5883531,9.418278513,TRUE,FALSE,2,1199,1345.735441,146.7354414,2.493030242,TRUE,FALSE,2,42,672.8677207,630.8677207,9.574345408,TRUE,FALSE,2,127,942.014809,815.014809,14.18729482,TRUE,FALSE,1,1033,1033,18.88075251,FALSE,1,944,944,10.66576728,FALSE,1,0,0,0,FALSE,1,1052,1052,19.39186667,FALSE,1,775,775,12.0339196,FALSE,1,2161,2161,47.03568761,FALSE,1,143,143,1.981469115,FALSE,1,1509,1509,22.04100503,FALSE
4/6/2013 12:00,3,801,1248.754853,1816.139577,0,0,None,FALSE,3,536,1248.754853,3028.556784,0,0,None,FALSE,3,318,1110.004314,1444.103385,0,0,None,FALSE,3,1878,1387.505392,0,490.4946079,6.537180237,FALSE,FALSE,3,301,1110.004314,1337.375827,0,0,None,FALSE,3,196,971.2537745,3012.458882,0,0,None,FALSE,3,993,1248.754853,1480.954294,0,0,None,FALSE,3,921,1248.754853,1477.476729,0,0,None,FALSE,3,119,832.5032353,2923.153026,0,0,None,FALSE,3,151,971.2537745,2153.886298,0,0,None,FALSE,2,2588,1526.255931,1061.744069,22.49127852,FALSE,FALSE,2,412,1110.004314,698.0043137,10.3239164,TRUE,FALSE,2,404,1110.004314,706.0043137,13.57518362,TRUE,FALSE,2,351,1110.004314,759.0043137,8.848693506,TRUE,FALSE,2,184,971.2537745,787.2537745,7.872537745,TRUE,FALSE,2,533,1248.754853,715.7548529,12.15229859,TRUE,FALSE,2,507,1110.004314,603.0043137,15.26734076,TRUE,FALSE,2,1017,1248.754853,231.7548529,6.537967171,TRUE,FALSE,2,40,693.752696,653.752696,15.60216518,TRUE,FALSE,2,177,971.2537745,794.2537745,11.32547049,TRUE,FALSE,1,793,793,21.49586957,FALSE,1,1315,1315,23.3950253,FALSE,1,159,159,2.781822828,FALSE,1,314,314,8.033166667,FALSE,1,373,373,8.265979899,FALSE,1,893,893,9.597096774,FALSE,1,324,324,8.237929883,FALSE,1,1066,1066,27.15889447,FALSE
4/6/2013 13:00,3,532,1211.161897,0,2495.301474,316.6437089,TRUE,TRUE,3,92,807.4412649,0,3743.998049,471.8957947,TRUE,TRUE,3,134,942.014809,0,2252.118194,295.6617224,TRUE,TRUE,3,1246,1345.735441,0,99.73544143,13.88920786,TRUE,TRUE,3,63,807.4412649,0,2081.817092,270.4276927,TRUE,TRUE,3,157,942.014809,0,3797.473691,519.0727417,TRUE,TRUE,3,562,1211.161897,0,2130.116191,258.9020417,TRUE,TRUE,3,1032,1345.735441,0,1791.21217,240.90159,TRUE,TRUE,3,170,942.014809,0,3695.167835,500.9005287,TRUE,TRUE,3,117,807.4412649,0,2844.327562,398.2058587,TRUE,TRUE,2,2742,1480.308986,1261.691014,141.9192109,FALSE,TRUE,2,1067,1345.735441,278.7354414,28.72329038,TRUE,TRUE,2,118,807.4412649,689.4412649,81.3332472,TRUE,TRUE,2,526,1211.161897,685.1618973,76.15970436,TRUE,TRUE,2,0,0,0,0,FALSE,TRUE,2,519,1211.161897,692.1618973,71.74679833,TRUE,TRUE,2,737,1211.161897,474.1618973,50.86102365,TRUE,TRUE,2,920,1211.161897,291.1618973,32.47575008,TRUE,TRUE,2,39,672.8677207,633.8677207,65.28304861,TRUE,TRUE,2,135,942.014809,807.014809,96.39343552,TRUE,TRUE,1,328,328,38.21364548,TRUE,1,263,263,27.36441821,TRUE,1,331,331,35.19201022,TRUE,1,370,370,42.29716667,TRUE,1,61,61,6.859179229,TRUE,1,1187,1187,131.3559593,TRUE,1,143,143,16.94991653,TRUE,1,1222,1222,145.5142044,TRUE
4/6/2013 14:00,3,581,1100.944928,0,519.9449283,69.33762232,TRUE,TRUE,3,87,733.9632855,0,646.9632855,82.98864074,TRUE,TRUE,3,459,978.617714,0,519.617714,71.39705116,TRUE,TRUE,3,1403,1223.272143,0,179.7278574,24.99576505,FALSE,TRUE,3,57,611.6360713,0,554.6360713,72.65825127,TRUE,TRUE,3,326,978.617714,0,652.617714,80.20213345,TRUE,TRUE,3,361,978.617714,0,617.617714,85.78254089,TRUE,TRUE,3,657,1100.944928,0,443.9449283,54.48886666,TRUE,TRUE,3,105,733.9632855,0,628.9632855,85.60889164,TRUE,TRUE,3,91,733.9632855,0,642.9632855,83.18201286,TRUE,TRUE,2,1494,1223.272143,270.7278574,29.95603743,FALSE,TRUE,2,1250,1223.272143,26.72785744,2.985730005,FALSE,TRUE,2,268,978.617714,710.617714,72.68331518,TRUE,TRUE,2,379,978.617714,599.617714,67.64531498,TRUE,TRUE,2,1,122.3272143,121.3272143,14.33344518,TRUE,TRUE,2,446,978.617714,532.617714,63.5228873,TRUE,TRUE,2,427,978.617714,551.617714,62.42720606,TRUE,TRUE,2,2533,1345.599357,1187.400643,133.75135,FALSE,TRUE,2,38,611.6360713,573.6360713,65.5487672,TRUE,TRUE,2,146,856.2904998,710.2904998,75.6327847,TRUE,TRUE,1,517,517,55.57317726,TRUE,1,167,167,18.5220742,TRUE,1,4,4,0.48,TRUE,1,315,315,34.97025,TRUE,1,205,205,22.78693467,TRUE,1,670,670,70.13955857,TRUE,1,138,138,15.59699499,TRUE,1,664,664,76.86606365,TRUE
4/6/2013 15:00,3,708,925.6150502,0,217.6150502,27.49398202,TRUE,TRUE,3,59,514.2305835,0,455.2305835,63.39336213,TRUE,TRUE,3,270,822.7689335,0,552.7689335,71.44049084,TRUE,TRUE,3,839,925.6150502,0,86.61505022,12.01401697,TRUE,TRUE,3,57,514.2305835,0,457.2305835,60.56969415,TRUE,TRUE,3,368,822.7689335,0,454.7689335,55.7206016,TRUE,TRUE,3,213,719.9228168,0,506.9228168,70.22071771,TRUE,TRUE,3,753,925.6150502,0,172.6150502,21.53509633,TRUE,TRUE,3,103,617.0767001,0,514.0767001,63.40279302,TRUE,TRUE,3,103,617.0767001,0,514.0767001,64.78237738,TRUE,TRUE,2,2486,1131.307284,1354.692716,157.5959193,FALSE,TRUE,2,4172,1234.1534,2937.8466,309.7779622,FALSE,TRUE,2,119,617.0767001,498.0767001,56.0002008,TRUE,TRUE,2,418,822.7689335,404.7689335,43.42621473,TRUE,TRUE,2,136,719.9228168,583.9228168,69.52732423,TRUE,TRUE,2,460,822.7689335,362.7689335,37.07026114,TRUE,TRUE,2,260,822.7689335,562.7689335,59.74226581,TRUE,TRUE,2,4379,1234.1534,3144.8466,359.4486038,FALSE,TRUE,2,23,411.3844668,388.3844668,40.71835804,TRUE,TRUE,2,128,719.9228168,591.9228168,65.5499712,TRUE,TRUE,1,340,340,39.7993311,TRUE,1,462,462,55.44,TRUE,1,59,59,7.068943782,TRUE,1,232,232,26.3088,TRUE,1,300,300,34.72864322,TRUE,1,1355,1355,143.3677419,TRUE,1,169,169,19.44205342,TRUE,1,268,268,30.48107203,TRUE
4/6/2013 16:00,3,729,697.1207045,0,31.87929552,4.257169681,FALSE,TRUE,3,488,619.6628484,0,131.6628484,18.04070637,TRUE,TRUE,3,52,387.2892803,0,335.2892803,41.71609291,TRUE,TRUE,3,204,542.2049924,0,338.2049924,41.97152376,TRUE,TRUE,3,57,387.2892803,0,330.2892803,43.14713887,TRUE,TRUE,3,262,619.6628484,0,357.6628484,49.87542631,TRUE,TRUE,3,340,619.6628484,0,279.6628484,36.00424557,TRUE,TRUE,3,1016,697.1207045,0,318.8792955,43.41336653,FALSE,TRUE,3,266,619.6628484,0,353.6628484,49.51279878,TRUE,TRUE,3,223,542.2049924,0,319.2049924,39.39206016,TRUE,TRUE,2,2249,852.0364166,1396.963583,160.7206603,FALSE,TRUE,2,1628,774.5785605,853.4214395,95.96345265,FALSE,TRUE,2,270,619.6628484,349.6628484,38.79732243,TRUE,TRUE,2,385,619.6628484,234.6628484,27.42450073,TRUE,TRUE,2,0,0,0,0,FALSE,TRUE,2,659,697.1207045,38.12070448,4.532481759,TRUE,TRUE,2,146,542.2049924,396.2049924,40.74396641,TRUE,TRUE,2,2859,852.0364166,2006.963583,221.638587,FALSE,TRUE,2,25,309.8314242,284.8314242,30.01979599,TRUE,TRUE,2,165,542.2049924,377.2049924,42.54034081,TRUE,TRUE,1,248,248,29.34943144,TRUE,1,506,506,55.27602024,TRUE,1,3,3,0.323458262,TRUE,1,123,123,13.88055,TRUE,1,115,115,13.8,TRUE,1,1571,1571,165.9285399,TRUE,1,137,137,14.40215359,TRUE,1,323,323,38.10534338,TRUE
4/6/2013 17:00,3,756,431.0334032,0,324.9665968,5.348862945,FALSE,FALSE,3,90,287.3556021,197.3556021,0,0,None,FALSE,3,138,335.2482025,197.2482025,0,0,None,FALSE,3,844,431.0334032,0,412.9665968,5.503907753,FALSE,FALSE,3,57,239.4630018,182.4630018,0,0,None,FALSE,3,742,431.0334032,0,310.9665968,3.109665968,FALSE,FALSE,3,270,383.1408028,113.1408028,0,0,None,FALSE,3,805,431.0334032,0,373.9665968,5.181840991,FALSE,FALSE,3,649,431.0334032,0,217.9665968,3.188770583,FALSE,FALSE,3,310,383.1408028,73.14080281,0,0,None,FALSE,2,2501,526.8186039,1974.181396,49.05840769,FALSE,FALSE,2,1684,478.9260035,1205.073996,23.15276171,FALSE,FALSE,2,1305,478.9260035,826.0739965,17.7134659,FALSE,FALSE,2,518,431.0334032,86.96659684,1.750985752,FALSE,FALSE,2,1,47.89260035,46.89260035,1.324259729,TRUE,FALSE,2,529,431.0334032,97.96659684,2.221012329,FALSE,FALSE,2,122,287.3556021,165.3556021,3.637268362,TRUE,FALSE,2,1255,478.9260035,776.0739965,20.75154382,FALSE,FALSE,2,40,239.4630018,199.4630018,2.179007582,TRUE,FALSE,2,119,287.3556021,168.3556021,4.333597906,TRUE,FALSE,1,993,993,15.77508361,FALSE,1,741,741,10.84634064,FALSE,1,200,200,2.824531516,FALSE,1,109,109,2.908483333,FALSE,1,69,69,0.804422111,FALSE,1,398,398,9.70336163,FALSE,1,108,108,1.11966611,FALSE,1,1846,1846,51.11286432,FALSE
4/6/2013 18:00,3,665,145.4865561,0,519.5134439,11.9069692,FALSE,FALSE,3,109,96.99103739,185.3466395,0,0,None,FALSE,3,98,96.99103739,196.2392398,0,0,None,FALSE,3,213,113.1562103,0,99.84378971,2.06903181,FALSE,FALSE,3,78,96.99103739,201.4540391,0,0,None,FALSE,3,612,145.4865561,0,466.5134439,11.87346926,FALSE,FALSE,3,173,113.1562103,53.2970131,0,0,None,FALSE,3,1848,161.651729,0,1686.348271,38.8507615,FALSE,FALSE,3,118,96.99103739,0,21.00896261,0.373492669,FALSE,FALSE,3,188,113.1562103,0,1.702986904,0.027190062,FALSE,FALSE,2,2551,177.8169019,2373.183098,27.21249953,FALSE,FALSE,2,2558,177.8169019,2380.183098,29.06454738,FALSE,FALSE,2,550,145.4865561,404.5134439,10.31645025,FALSE,FALSE,2,392,129.3213832,262.6786168,5.288772151,FALSE,FALSE,2,273,129.3213832,143.6786168,3.041318945,FALSE,FALSE,2,1706,161.651729,1544.348271,19.41392735,FALSE,FALSE,2,772,145.4865561,626.5134439,12.16234991,FALSE,FALSE,2,1995,161.651729,1833.348271,21.3686245,FALSE,FALSE,2,34,80.82586449,46.82586449,0.494229292,TRUE,FALSE,2,160,113.1562103,46.84378971,1.119046087,FALSE,FALSE,1,191,191,3.315351171,FALSE,1,869,869,22.55296796,FALSE,1,2528,2528,39.01819421,FALSE,1,177,177,3.8468,FALSE,1,136,136,3.815745394,FALSE,1,354,354,4.465568761,FALSE,1,418,418,6.636360601,FALSE,1,1180,1180,22.88844221,FALSE
4/6/2013 19:00,3,612,0,0,612,77.54738255,FALSE,TRUE,3,700,0,0,514.6533605,66.1124926,FALSE,TRUE,3,96,0,0,100.2392398,12.97362843,TRUE,TRUE,3,162,0,0,162,22.56020168,FALSE,TRUE,3,65,0,0,136.4540391,16.94854843,TRUE,TRUE,3,505,0,0,505,70.7,FALSE,TRUE,3,213,0,0,159.7029869,21.97523818,FALSE,TRUE,3,1324,0,0,1324,175.877596,FALSE,TRUE,3,110,0,0,110,13.79074074,FALSE,TRUE,3,893,0,0,893,111.3676949,FALSE,TRUE,2,1552,0,1552,170.8752,FALSE,TRUE,2,1444,0,1444,166.0962814,FALSE,TRUE,2,171,0,171,17.93204698,FALSE,TRUE,2,655,0,655,73.04840871,FALSE,TRUE,2,227,0,227,23.35296108,FALSE,TRUE,2,365,0,365,37.70041736,FALSE,TRUE,2,198,0,198,21.27503356,FALSE,TRUE,2,2143,0,2143,250.0644482,FALSE,TRUE,2,39,0,39,4.449277311,FALSE,TRUE,2,129,0,129,14.16611111,FALSE,TRUE,1,451,451,50.46976589,TRUE,1,360,360,42.66576728,TRUE,1,1538,1538,183.6953663,TRUE,1,206,206,21.7742,TRUE,1,1010,1010,113.9422111,TRUE,1,353,353,38.93188455,TRUE,1,876,876,97.55919866,TRUE,1,537,537,56.72231156,TRUE
4/6/2013 20:00,3,629,0,0,629,80.86238255,FALSE,TRUE,3,184,0,0,184,25.76,FALSE,TRUE,3,99,0,0,99,12.51940978,FALSE,TRUE,3,174,0,0,174,21.23969748,FALSE,TRUE,3,279,0,0,279,36.85687813,FALSE,TRUE,3,270,0,0,270,33.97575251,FALSE,TRUE,3,448,0,0,448,57.34550336,FALSE,TRUE,3,3657,0,0,3657,500.5633222,FALSE,TRUE,3,149,0,0,149,20.44611111,FALSE,TRUE,3,1538,0,0,1538,189.2261356,FALSE,TRUE,2,1538,0,1538,174.1272333,FALSE,TRUE,2,1691,0,1691,172.0741206,FALSE,TRUE,2,169,0,169,18.65805369,FALSE,TRUE,2,408,0,408,46.85507538,FALSE,TRUE,2,130,0,130,15.6,FALSE,TRUE,2,485,0,485,56.1515025,FALSE,TRUE,2,174,0,174,19.59543624,FALSE,TRUE,2,1667,0,1667,199.1200836,FALSE,TRUE,2,43,0,43,4.714823529,FALSE,TRUE,2,161,0,161,16.66648148,FALSE,TRUE,1,547,547,65.64,TRUE,1,274,274,30.08455312,TRUE,1,488,488,49.96388416,TRUE,1,348,348,36.5922,TRUE,1,450,450,51.01507538,TRUE,1,1240,1240,145.0947368,TRUE,1,255,255,28.21176962,TRUE,1,575,575,67.51675042,TRUE
4/6/2013 21:00,3,1296,0,0,1296,181.44,FALSE,TRUE,3,162,0,0,162,22.16741117,FALSE,TRUE,3,124,0,0,124,16.43993255,FALSE,TRUE,3,350,0,0,350,44.85882353,FALSE,TRUE,3,57,0,0,57,7.331018364,FALSE,TRUE,3,264,0,0,264,36.52294314,FALSE,TRUE,3,712,0,0,712,88.64161074,FALSE,TRUE,3,1779,0,0,1779,226.5180801,FALSE,TRUE,3,169,0,0,169,23.40962963,FALSE,TRUE,3,364,0,0,364,46.34522034,FALSE,TRUE,2,2274,0,2274,263.2913,FALSE,TRUE,2,3444,0,3444,390.4353769,FALSE,TRUE,2,126,0,126,14.09677852,FALSE,TRUE,2,593,0,593,70.28589615,FALSE,TRUE,2,532,0,532,59.68121827,FALSE,TRUE,2,679,0,679,74.87136895,FALSE,TRUE,2,225,0,225,25.46350671,FALSE,TRUE,2,1740,0,1740,199.5180602,FALSE,TRUE,2,75,0,75,7.821428571,FALSE,TRUE,2,118,0,118,12.3462963,FALSE,TRUE,1,602,602,64.70996656,TRUE,1,202,202,21.72947723,TRUE,1,562,562,63.8592845,TRUE,1,369,369,38.5974,TRUE,1,325,325,34.80820771,TRUE,1,1927,1927,210.366893,TRUE,1,222,222,23.58240401,TRUE,1,1113,1113,124.5366834,TRUE
4/6/2013 22:00,3,1041,0,0,1041,10.41,FALSE,FALSE,3,163,0,0,163,3.177258883,FALSE,FALSE,3,111,0,0,111,3.107251265,FALSE,FALSE,3,323,0,0,323,3.468857143,FALSE,FALSE,3,447,0,0,447,6.522170284,FALSE,FALSE,3,265,0,0,265,3.722408027,FALSE,FALSE,3,672,0,0,672,15.64993289,FALSE,FALSE,3,878,0,0,878,24.09736227,FALSE,FALSE,3,170,0,0,170,2.109259259,FALSE,FALSE,3,82,0,0,82,1.186915254,FALSE,FALSE,2,2761,0,2761,69.11703333,FALSE,FALSE,2,2189,0,2189,54.56,FALSE,FALSE,2,181,0,181,2.277684564,FALSE,FALSE,2,422,0,422,9.973902848,FALSE,FALSE,2,735,0,735,11.18045685,FALSE,FALSE,2,568,0,568,8.287679466,FALSE,FALSE,2,287,0,287,7.266493289,FALSE,FALSE,2,1669,0,1669,17.61102007,FALSE,FALSE,2,54,0,54,1.049142857,FALSE,FALSE,2,193,0,193,4.217407407,FALSE,FALSE,1,208,208,5.6,FALSE,1,162,162,1.62,FALSE,1,450,450,6.776831346,FALSE,1,1280,1280,25.70666667,FALSE,1,182,182,2.557755444,FALSE,1,1149,1149,29.51505942,FALSE,1,230,230,6.270283806,FALSE,1,2320,2320,29.6120603,FALSE
4/6/2013 23:00,3,481,0,0,481,8.361006711,FALSE,FALSE,3,120,0,0,120,1.914720812,FALSE,FALSE,3,111,0,0,111,2.880758853,FALSE,FALSE,3,297,0,0,297,4.891764706,FALSE,FALSE,3,176,0,0,176,3.990116861,FALSE,FALSE,3,238,0,0,238,6.101237458,FALSE,FALSE,3,681,0,0,681,10.95770134,FALSE,FALSE,3,747,0,0,747,10.89946578,FALSE,FALSE,3,148,0,0,148,3.974074074,FALSE,FALSE,3,80,0,0,80,1.858983051,FALSE,FALSE,2,1337,0,1337,23.91001667,FALSE,FALSE,2,1701,0,1701,40.20286432,FALSE,FALSE,2,31,0,31,0.590352349,FALSE,FALSE,2,388,0,388,8.59839196,FALSE,FALSE,2,845,0,845,18.04382403,FALSE,FALSE,2,461,0,461,10.70535893,FALSE,FALSE,2,50,0,50,0.887583893,FALSE,FALSE,2,4505,0,4505,80.68319398,FALSE,FALSE,2,53,0,53,0.637781513,FALSE,FALSE,2,159,0,159,3.739444444,FALSE,FALSE,1,243,243,4.217959866,FALSE,1,165,165,1.864249578,FALSE,1,455,455,10.1774276,FALSE,1,836,836,21.2344,FALSE,1,397,397,10.48026801,FALSE,1,557,557,14.72409168,FALSE,1,227,227,4.646110184,FALSE,1,960,960,18.62110553,FALSE
4/7/2013 0:00,3,355,0,0,355,7.939848993,FALSE,FALSE,3,808,0,0,808,16.3514044,FALSE,FALSE,3,78,0,0,78,1.025969646,FALSE,FALSE,3,178,0,0,178,3.326655462,FALSE,FALSE,3,68,0,0,68,1.042136895,FALSE,FALSE,3,184,0,0,184,4.209230769,FALSE,FALSE,3,636,0,0,636,7.064295302,FALSE,FALSE,3,666,0,0,666,12.77519199,FALSE,FALSE,3,74,0,0,74,2.028148148,FALSE,FALSE,3,79,0,0,79,1.467525424,FALSE,FALSE,2,1448,0,1448,19.2584,FALSE,FALSE,2,1082,0,1082,26.96844221,FALSE,FALSE,2,59,0,59,1.384916107,FALSE,FALSE,2,555,0,555,14.54899497,FALSE,FALSE,2,298,0,298,4.976751269,FALSE,FALSE,2,275,0,275,6.285058431,FALSE,FALSE,2,67,0,67,1.572701342,FALSE,FALSE,2,3564,0,3564,40.22909699,FALSE,FALSE,2,40,0,40,0.843697479,FALSE,FALSE,2,146,0,146,4.10962963,FALSE,FALSE,1,222,222,4.506822742,FALSE,1,163,163,3.141804384,FALSE,1,450,450,7.620102215,FALSE,1,290,290,3.803833333,FALSE,1,207,207,2.375125628,FALSE,1,399,399,8.311935484,FALSE,1,67,67,1.063722871,FALSE,1,783,783,20.5258794,FALSE
4/7/2013 1:00,3,303,0,0,303,5.155067114,FALSE,FALSE,3,4371,0,0,4371,116.1162437,FALSE,FALSE,3,47,0,0,47,0.801298482,FALSE,FALSE,3,162,0,0,162,2.129142857,FALSE,FALSE,3,63,0,0,63,1.636527546,FALSE,FALSE,3,184,0,0,184,2.347692308,FALSE,FALSE,3,593,0,0,593,13.59124161,FALSE,FALSE,3,765,0,0,765,10.60016694,FALSE,FALSE,3,98,0,0,98,2.758518519,FALSE,FALSE,3,78,0,0,78,2.132440678,FALSE,FALSE,2,1119,0,1119,27.80715,FALSE,FALSE,2,1208,0,1208,28.32830821,FALSE,FALSE,2,73,0,73,1.174614094,FALSE,FALSE,2,381,0,381,7.600854271,FALSE,FALSE,2,561,0,561,13.12796954,FALSE,FALSE,2,287,0,287,6.401202003,FALSE,FALSE,2,49,0,49,1.18635906,FALSE,FALSE,2,1899,0,1899,40.99680602,FALSE,FALSE,2,43,0,43,0.557193277,FALSE,FALSE,2,155,0,155,4.362962963,FALSE,FALSE,1,193,193,3.421070234,FALSE,1,162,162,3.513187184,FALSE,1,107,107,2.814446337,FALSE,1,284,284,6.1202,FALSE,1,82,82,1.499899497,FALSE,1,474,474,4.74,FALSE,1,64,64,0.64,FALSE,1,185,185,2.531742044,FALSE
4/7/2013 2:00,3,295,0,0,295,4.801174497,FALSE,FALSE,3,3340,0,0,3340,91.8358714,FALSE,FALSE,3,69,0,0,69,1.304367622,FALSE,FALSE,3,127,0,0,127,2.89005042,FALSE,FALSE,3,57,0,0,57,1.417863105,FALSE,FALSE,3,160,0,0,160,3.48361204,FALSE,FALSE,3,461,0,0,461,12.26755034,FALSE,FALSE,3,811,0,0,811,16.15230384,FALSE,FALSE,3,1595,0,0,1595,29.53703704,FALSE,FALSE,3,78,0,0,78,1.419864407,FALSE,FALSE,2,1108,0,1108,18.59593333,FALSE,FALSE,2,811,0,811,13.04120603,FALSE,FALSE,2,18,0,18,0.419194631,FALSE,FALSE,2,302,0,302,6.414338358,FALSE,FALSE,2,193,0,193,4.983384095,FALSE,FALSE,2,263,0,263,5.721018364,FALSE,FALSE,2,49,0,49,0.81557047,FALSE,FALSE,2,1068,0,1068,23.25311037,FALSE,FALSE,2,3670,0,3670,48.91277311,FALSE,FALSE,2,160,0,160,2.844444444,FALSE,FALSE,1,226,226,6.25090301,FALSE,1,164,164,3.52613828,FALSE,1,101,101,1.085706985,FALSE,1,220,220,4.055333333,FALSE,1,78,78,1.512964824,FALSE,1,400,400,7.212224109,FALSE,1,55,55,1.27721202,FALSE,1,173,173,2.495025126,FALSE
4/7/2013 3:00,3,538,0,0,538,8.557449664,FALSE,FALSE,3,3825,0,0,3825,68.15101523,FALSE,FALSE,3,57,0,0,57,1.257268128,FALSE,FALSE,3,84,0,0,84,1.368,FALSE,FALSE,3,54,0,0,54,0.61933222,FALSE,FALSE,3,156,0,0,156,2.105217391,FALSE,FALSE,3,519,0,0,519,13.3320302,FALSE,FALSE,3,738,0,0,738,19.17075125,FALSE,FALSE,3,411,0,0,411,4.947222222,FALSE,FALSE,3,74,0,0,74,1.691966102,FALSE,FALSE,2,1207,0,1207,30.87908333,FALSE,FALSE,2,933,0,933,12.08055276,FALSE,FALSE,2,6039,0,6039,81.5670302,FALSE,FALSE,2,287,0,287,8.158107203,FALSE,FALSE,2,239,0,239,5.770778342,FALSE,FALSE,2,322,0,322,7.004440735,FALSE,FALSE,2,65,0,65,1.645721477,FALSE,FALSE,2,1069,0,1069,27.60093645,FALSE,FALSE,2,5114,0,5114,76.66702521,FALSE,FALSE,2,116,0,116,3.200740741,FALSE,FALSE,1,175,175,4.775919732,FALSE,1,164,164,3.647824621,FALSE,1,106,106,2.589505963,FALSE,1,203,203,4.225783333,FALSE,1,79,79,0.79,FALSE,1,360,360,4.003395586,FALSE,1,164,164,1.64,FALSE,1,130,130,1.563484087,FALSE
4/7/2013 4:00,3,443,0,0,443,5.656426174,FALSE,FALSE,3,3391,0,0,3391,55.36912014,FALSE,FALSE,3,60,0,0,60,1.534907251,FALSE,FALSE,3,46,0,0,46,0.783159664,FALSE,FALSE,3,56,0,0,56,0.86851419,FALSE,FALSE,3,178,0,0,178,2.074682274,FALSE,FALSE,3,497,0,0,497,10.10677852,FALSE,FALSE,3,666,0,0,666,13.87592654,FALSE,FALSE,3,66,0,0,66,1.784444444,FALSE,FALSE,3,73,0,0,73,1.070254237,FALSE,FALSE,2,1228,0,1228,29.165,FALSE,FALSE,2,649,0,649,9.718693467,FALSE,FALSE,2,4855,0,4855,82.60016779,FALSE,FALSE,2,277,0,277,6.240619765,FALSE,FALSE,2,563,0,563,9.611962775,FALSE,FALSE,2,371,0,371,9.228547579,FALSE,FALSE,2,54,0,54,1.038322148,FALSE,FALSE,2,1156,0,1156,26.01966555,FALSE,FALSE,2,2456,0,2456,67.2407395,FALSE,FALSE,2,199,0,199,3.906296296,FALSE,FALSE,1,228,228,5.928762542,FALSE,1,160,160,2.460708263,FALSE,1,106,106,1.993594549,FALSE,1,82,82,2.0828,FALSE,1,79,79,1.05201005,FALSE,1,422,422,8.397011885,FALSE,1,132,132,2.241135225,FALSE,1,129,129,2.121909548,FALSE
4/7/2013 5:00,3,321,0,0,321,7.238657718,FALSE,FALSE,3,2379,0,0,2379,30.87467005,FALSE,FALSE,3,139,0,0,139,2.756559865,FALSE,FALSE,3,46,0,0,46,0.689613445,FALSE,FALSE,3,61,0,0,61,0.890050083,FALSE,FALSE,3,176,0,0,176,3.411103679,FALSE,FALSE,3,508,0,0,508,13.70577181,FALSE,FALSE,3,644,0,0,644,6.558263773,FALSE,FALSE,3,101,0,0,101,2.543703704,FALSE,FALSE,3,65,0,0,65,0.771186441,FALSE,FALSE,2,1228,0,1228,13.6308,FALSE,FALSE,2,344,0,344,8.193768844,FALSE,FALSE,2,4395,0,4395,44.76115772,FALSE,FALSE,2,303,0,303,3.867437186,FALSE,FALSE,2,202,0,202,3.147918782,FALSE,FALSE,2,287,0,287,4.978180301,FALSE,FALSE,2,88,0,88,1.708322148,FALSE,FALSE,2,4223,0,4223,67.08779264,FALSE,FALSE,2,1090,0,1090,14.32571429,FALSE,FALSE,2,127,0,127,1.364074074,FALSE,FALSE,1,193,193,5.160652174,FALSE,1,207,207,5.525817875,FALSE,1,128,128,2.383373083,FALSE,1,95,95,1.193833333,FALSE,1,65,65,0.673953099,FALSE,1,462,462,4.965127334,FALSE,1,136,136,3.258096828,FALSE,1,277,277,6.240619765,FALSE
4/7/2013 6:00,3,386,0,0,386,9.131879195,FALSE,FALSE,3,1621,0,0,1621,20.13221658,FALSE,FALSE,3,185,0,0,185,5.075801012,FALSE,FALSE,3,85,0,0,85,1.368571429,FALSE,FALSE,3,60,0,0,60,0.875459098,FALSE,FALSE,3,185,0,0,185,4.708528428,FALSE,FALSE,3,332,0,0,332,7.854362416,FALSE,FALSE,3,670,0,0,670,8.422537563,FALSE,FALSE,3,450,0,0,450,5.25,FALSE,FALSE,3,73,0,0,73,1.573830508,FALSE,FALSE,2,1269,0,1269,28.9755,FALSE,FALSE,2,382,0,382,6.283484087,FALSE,FALSE,2,4898,0,4898,131.2433893,FALSE,FALSE,2,276,0,276,6.065527638,FALSE,FALSE,2,164,0,164,3.776717428,FALSE,FALSE,2,265,0,265,4.791235392,FALSE,FALSE,2,140,0,140,3.49295302,FALSE,FALSE,2,4340,0,4340,120.0394649,FALSE,FALSE,2,347,0,347,9.243613445,FALSE,FALSE,2,182,0,182,4.448888889,FALSE,FALSE,1,228,228,3.747892977,FALSE,1,241,241,4.287605396,FALSE,1,105,105,2.761839864,FALSE,1,213,213,2.5205,FALSE,1,23,23,0.619882747,FALSE,1,411,411,11.17166384,FALSE,1,56,56,1.567813022,FALSE,1,254,254,3.4760134,FALSE
4/7/2013 7:00,3,303,391.3296988,88.32969878,0,0,None,FALSE,3,1253,489.1621235,0,763.8378765,15.59987,FALSE,FALSE,3,144,342.4134864,198.4134864,0,0,None,FALSE,3,150,342.4134864,192.4134864,0,0,None,FALSE,3,59,244.5810617,185.5810617,0,0,None,FALSE,3,267,391.3296988,124.3296988,0,0,None,FALSE,3,268,391.3296988,123.3296988,0,0,None,FALSE,3,790,440.2459111,0,349.7540889,8.956974496,FALSE,FALSE,3,233,342.4134864,109.4134864,0,0,None,FALSE,3,72,293.4972741,221.4972741,0,0,None,FALSE,2,1296,489.1621235,806.8378765,11.32262487,FALSE,FALSE,2,357,391.3296988,34.32969878,0.43185266,TRUE,FALSE,2,4413,586.9945482,3826.005452,89.80841656,FALSE,FALSE,2,309,391.3296988,82.32969878,2.021697461,TRUE,FALSE,2,519,440.2459111,78.75408887,0.831515253,FALSE,FALSE,2,319,391.3296988,72.32969878,1.254600284,TRUE,FALSE,2,75,293.4972741,218.4972741,4.362613358,TRUE,FALSE,2,4363,586.9945482,3776.005452,104.440017,FALSE,FALSE,2,2856,538.0783358,2317.921664,33.0352533,FALSE,FALSE,2,125,293.4972741,168.4972741,2.028207929,TRUE,FALSE,1,1147,1147,20.12045151,FALSE,1,357,357,6.748684654,FALSE,1,192,192,4.00681431,FALSE,1,171,171,4.62555,FALSE,1,45,45,0.516331658,FALSE,1,359,359,6.338879457,FALSE,1,217,217,4.600834725,FALSE,1,246,246,5.587537688,FALSE
4/7/2013 8:00,3,589,706.137387,205.4670858,0,0,None,FALSE,3,111,470.758258,359.758258,0,0,None,FALSE,3,101,470.758258,568.1717444,0,0,None,FALSE,3,298,627.6776773,522.0911638,0,0,None,FALSE,3,59,392.2985483,518.8796101,0,0,None,FALSE,3,366,627.6776773,386.0073761,0,0,None,FALSE,3,415,627.6776773,336.0073761,0,0,None,FALSE,3,668,706.137387,38.13738699,0,0,None,FALSE,3,116,470.758258,464.1717444,0,0,None,FALSE,3,1018,706.137387,0,90.36533892,2.234627618,FALSE,FALSE,2,1355,784.5970967,570.4029033,6.74976769,FALSE,FALSE,2,395,627.6776773,232.6776773,4.513245399,TRUE,FALSE,2,4786,941.516516,3844.483484,39.15438716,FALSE,FALSE,2,276,627.6776773,351.6776773,8.571038869,TRUE,FALSE,2,869,706.137387,162.862613,2.174257219,FALSE,FALSE,2,593,706.137387,113.137387,1.526127023,TRUE,FALSE,2,67,470.758258,403.758258,10.44622876,TRUE,FALSE,2,1470,784.5970967,685.4029033,18.95746492,FALSE,FALSE,2,25,313.8388387,288.8388387,4.864143132,TRUE,FALSE,2,191,549.2179677,358.2179677,6.766339389,TRUE,FALSE,1,288,288,5.105016722,FALSE,1,404,404,7.787048904,FALSE,1,43,43,0.913475298,FALSE,1,191,191,3.345683333,FALSE,1,226,226,5.841172529,FALSE,1,370,370,5.911205433,FALSE,1,237,237,3.893288815,FALSE,1,464,464,12.24897822,FALSE
4/7/2013 9:00,3,666,934.4635736,473.9306593,0,0,None,FALSE,3,110,622.9757157,872.7339737,0,0,None,FALSE,3,70,622.9757157,1121.14746,0,0,None,FALSE,3,72,622.9757157,1073.066879,0,0,None,FALSE,3,718,934.4635736,735.3431836,0,0,None,FALSE,3,421,830.6342876,795.6416637,0,0,None,FALSE,3,265,830.6342876,901.6416637,0,0,None,FALSE,3,1319,1038.29286,0,242.5697535,6.078417362,FALSE,FALSE,3,175,726.8050017,1015.976746,0,0,None,FALSE,3,2533,1142.122145,0,1390.877855,20.13236759,FALSE,FALSE,2,1259,1038.29286,220.7071405,4.149294241,FALSE,FALSE,2,648,934.4635736,286.4635736,7.615036705,TRUE,FALSE,2,785,934.4635736,149.4635736,1.549806853,TRUE,FALSE,2,289,830.6342876,541.6342876,12.60184297,TRUE,FALSE,2,64,622.9757157,558.9757157,12.35232292,TRUE,FALSE,2,544,934.4635736,390.4635736,9.139063942,TRUE,FALSE,2,68,622.9757157,554.9757157,6.164327581,TRUE,FALSE,2,1080,1038.29286,41.70714047,1.168915843,FALSE,FALSE,2,26,415.3171438,389.3171438,8.643494907,TRUE,FALSE,2,106,622.9757157,516.9757157,9.95656934,TRUE,FALSE,1,338,338,3.38,FALSE,1,194,194,5.070826307,FALSE,1,23,23,0.389471891,FALSE,1,168,168,4.0516,FALSE,1,613,613,10.30907873,FALSE,1,470,470,11.45874363,FALSE,1,159,159,4.451469115,FALSE,1,315,315,8.315577889,FALSE
4/7/2013 10:00,3,626,1109.664419,957.5950779,0,0,None,FALSE,3,244,863.0723256,1491.806299,0,0,None,FALSE,3,47,616.4802326,1690.627693,0,0,None,FALSE,3,288,986.3683721,1771.435252,0,0,None,FALSE,3,585,1109.664419,1260.007602,0,0,None,FALSE,3,568,1109.664419,1337.306082,0,0,None,FALSE,3,366,986.3683721,1522.010036,0,0,None,FALSE,3,514,1109.664419,595.6644186,0,0,None,FALSE,3,172,863.0723256,1707.049072,0,0,None,FALSE,3,473,986.3683721,513.3683721,0,0,None,FALSE,2,1651,1232.960465,418.0395349,9.851798372,FALSE,FALSE,2,612,1109.664419,497.6644186,12.58749199,TRUE,FALSE,2,732,1109.664419,377.6644186,6.77388026,TRUE,FALSE,2,349,986.3683721,637.3683721,11.30608218,TRUE,FALSE,2,0,0,0,0,FALSE,FALSE,2,410,986.3683721,576.3683721,11.5851005,TRUE,FALSE,2,694,1109.664419,415.6644186,7.76232379,TRUE,FALSE,2,1042,1232.960465,190.9604651,3.560550478,TRUE,FALSE,2,34,616.4802326,582.4802326,16.05491733,TRUE,FALSE,2,168,863.0723256,695.0723256,9.13891391,TRUE,FALSE,1,139,139,2.975250836,FALSE,1,158,158,1.667925801,FALSE,1,59,59,1.209148211,FALSE,1,156,156,2.8184,FALSE,1,719,719,19.3780737,FALSE,1,1283,1283,18.34101868,FALSE,1,146,146,1.835358932,FALSE,1,306,306,8.303517588,FALSE
4/7/2013 11:00,3,607,1219.800274,1570.395352,0,0,None,FALSE,3,1055,1355.333638,1792.139937,0,0,None,FALSE,3,69,813.2001827,2434.827875,0,0,None,FALSE,3,653,1219.800274,2338.235526,0,0,None,FALSE,3,242,948.7335465,1966.741149,0,0,None,FALSE,3,367,1084.26691,2054.572993,0,0,None,FALSE,3,396,1084.26691,2210.276946,0,0,None,FALSE,3,726,1219.800274,1089.464693,0,0,None,FALSE,3,118,813.2001827,2402.249254,0,0,None,FALSE,3,352,1084.26691,1245.635282,0,0,None,FALSE,2,1392,1355.333638,36.6663622,0.447329619,FALSE,FALSE,2,566,1219.800274,653.800274,11.1156998,TRUE,FALSE,2,95,813.2001827,718.2001827,19.64205198,TRUE,FALSE,2,532,1219.800274,687.800274,18.66392703,TRUE,FALSE,2,213,948.7335465,735.7335465,16.39528055,TRUE,FALSE,2,460,1084.26691,624.2669102,14.26746912,TRUE,FALSE,2,658,1219.800274,561.800274,10.18027342,TRUE,FALSE,2,1896,1355.333638,540.6663622,14.55640206,FALSE,FALSE,2,41,677.6668189,636.6668189,16.72454181,TRUE,FALSE,2,527,1219.800274,692.800274,16.16533973,TRUE,FALSE,1,518,518,10.51591973,FALSE,1,158,158,3.455750422,FALSE,1,0,0,0,FALSE,1,517,517,13.32136667,FALSE,1,2095,2095,26.74020101,FALSE,1,1180,1180,13.3426146,FALSE,1,143,143,2.821803005,FALSE,1,1613,1613,44.66145729,FALSE
4/7/2013 12:00,3,1081,1397.072848,1886.4682,0,0,None,FALSE,3,310,1117.658278,2599.798216,0,0,None,FALSE,3,58,698.536424,3075.364299,0,0,None,FALSE,3,73,838.2437089,3103.479234,0,0,None,FALSE,3,53,698.536424,2612.277573,0,0,None,FALSE,3,175,977.9509937,2857.523986,0,0,None,FALSE,3,2131,1536.780133,1616.057079,0,0,None,FALSE,3,629,1257.365563,1717.830256,0,0,None,FALSE,3,137,977.9509937,3243.200248,0,0,None,FALSE,3,89,838.2437089,1994.878991,0,0,None,FALSE,2,1861,1397.072848,463.9271519,6.765604299,FALSE,FALSE,2,776,1257.365563,481.3655633,4.991043278,TRUE,FALSE,2,18,558.8291392,540.8291392,5.60792631,TRUE,FALSE,2,403,1117.658278,714.6582785,19.26105813,TRUE,FALSE,2,0,0,0,0,FALSE,FALSE,2,1488,1397.072848,90.9271519,1.092947402,FALSE,FALSE,2,307,1117.658278,810.6582785,16.48519855,TRUE,FALSE,2,1545,1397.072848,147.9271519,3.275176407,FALSE,FALSE,2,38,698.536424,660.536424,16.74099038,TRUE,FALSE,2,347,1117.658278,770.6582785,8.420155265,TRUE,FALSE,1,700,700,13.43812709,FALSE,1,160,160,1.956155143,FALSE,1,120,120,3.133901193,FALSE,1,245,245,4.291583333,FALSE,1,1520,1520,20.80134003,FALSE,1,396,396,9.432733447,FALSE,1,142,142,2.019766277,FALSE,1,637,637,15.52487437,FALSE
4/7/2013 13:00,3,617,1219.800274,0,2489.268474,333.3364378,TRUE,TRUE,3,69,813.2001827,0,3343.998398,438.2844601,TRUE,TRUE,3,84,813.2001827,0,3804.564482,486.0603797,TRUE,TRUE,3,989,1219.800274,0,3334.279508,438.4437458,TRUE,TRUE,3,713,1219.800274,0,3119.077847,429.224686,TRUE,TRUE,3,171,948.7335465,0,3635.257533,498.2369689,TRUE,TRUE,3,179,948.7335465,0,2385.790625,296.1422659,TRUE,TRUE,3,553,1219.800274,0,2384.63053,308.0114593,TRUE,TRUE,3,139,948.7335465,0,4052.933794,531.3846531,TRUE,TRUE,3,70,813.2001827,0,2738.079174,355.2541708,TRUE,TRUE,2,1667,1355.333638,311.6663622,35.22868781,FALSE,TRUE,2,592,1219.800274,627.800274,72.44415557,TRUE,TRUE,2,131,948.7335465,817.7335465,83.94117177,TRUE,TRUE,2,377,1084.26691,707.2669102,81.87473395,TRUE,TRUE,2,0,0,0,0,FALSE,TRUE,2,453,1084.26691,631.2669102,75.4042528,TRUE,TRUE,2,219,948.7335465,729.7335465,87.29866084,TRUE,TRUE,2,1162,1355.333638,193.3336378,23.20003654,TRUE,TRUE,2,39,677.6668189,638.6668189,69.43757397,TRUE,TRUE,2,714,1219.800274,505.800274,51.89136145,TRUE,TRUE,1,303,303,32.12408027,TRUE,1,159,159,16.54350759,TRUE,1,401,401,45.79051107,TRUE,1,210,210,21.4655,TRUE,1,337,337,37.8320603,TRUE,1,347,347,37.10366723,TRUE,1,143,143,15.97828047,TRUE,1,195,195,22.96884422,TRUE
4/7/2013 14:00,3,530,1109.664419,0,579.6644186,73.34311041,TRUE,TRUE,3,75,739.7762791,0,664.7762791,82.67522252,TRUE,TRUE,3,54,616.4802326,0,562.4802326,75.19971811,TRUE,TRUE,3,1066,1232.960465,0,166.9604651,22.7571323,TRUE,TRUE,3,370,986.3683721,0,616.3683721,75.53856794,TRUE,TRUE,3,805,1109.664419,0,304.6644186,39.34654356,TRUE,TRUE,3,213,863.0723256,0,650.0723256,90.89014579,TRUE,TRUE,3,650,1109.664419,0,459.6644186,63.93095612,TRUE,TRUE,3,137,863.0723256,0,726.0723256,89.68337799,TRUE,TRUE,3,196,863.0723256,0,667.0723256,83.93804992,TRUE,TRUE,2,2376,1356.256512,1019.743488,107.4129808,FALSE,TRUE,2,717,1109.664419,392.6644186,40.17410836,TRUE,TRUE,2,150,863.0723256,713.0723256,82.67331828,TRUE,TRUE,2,434,986.3683721,552.3683721,60.17761963,TRUE,TRUE,2,0,0,0,0,FALSE,TRUE,2,521,1109.664419,588.6644186,64.58601935,TRUE,TRUE,2,424,986.3683721,562.3683721,63.1249062,TRUE,TRUE,2,2924,1356.256512,1567.743488,188.1292186,FALSE,TRUE,2,40,616.4802326,576.4802326,61.39756695,TRUE,TRUE,2,428,986.3683721,558.3683721,62.24773333,TRUE,TRUE,1,164,164,16.96494983,TRUE,1,161,161,18.33445194,TRUE,1,1213,1213,127.6026405,TRUE,1,449,449,53.63305,TRUE,1,324,324,38.70090452,TRUE,1,352,352,36.84943973,TRUE,1,147,147,15.18345576,TRUE,1,416,416,45.01440536,TRUE
4/7/2013 15:00,3,941,934.4635736,0,6.536426426,0.857193103,FALSE,TRUE,3,95,622.9757157,0,527.9757157,69.00312061,TRUE,TRUE,3,34,519.1464298,0,485.1464298,64.50074962,TRUE,TRUE,3,595,934.4635736,0,339.4635736,42.4415046,TRUE,TRUE,3,347,830.6342876,0,483.6342876,67.35354303,TRUE,TRUE,3,553,934.4635736,0,381.4635736,51.01915822,TRUE,TRUE,3,726,934.4635736,0,208.4635736,27.18420963,TRUE,TRUE,3,764,934.4635736,0,170.4635736,21.95536678,TRUE,TRUE,3,104,622.9757157,0,518.9757157,71.40721422,TRUE,TRUE,3,144,726.8050017,0,582.8050017,80.50611464,TRUE,TRUE,2,1682,1038.29286,643.7071405,69.92805236,FALSE,TRUE,2,682,934.4635736,252.4635736,28.94661911,TRUE,TRUE,2,333,830.6342876,497.6342876,51.17450585,TRUE,TRUE,2,418,830.6342876,412.6342876,48.6037573,TRUE,TRUE,2,1,103.829286,102.829286,12.2438187,TRUE,TRUE,2,509,830.6342876,321.6342876,38.24172615,TRUE,TRUE,2,222,726.8050017,504.8050017,58.24738249,TRUE,TRUE,2,5186,1245.951431,3940.048569,444.5402624,FALSE,TRUE,2,33,519.1464298,486.1464298,54.74253915,TRUE,TRUE,2,235,726.8050017,491.8050017,57.46832519,TRUE,TRUE,1,242,242,27.30391304,TRUE,1,209,209,21.62956155,TRUE,1,326,326,38.08146508,TRUE,1,308,308,35.88713333,TRUE,1,397,397,44.93348409,TRUE,1,369,369,38.07779287,TRUE,1,151,151,16.70579299,TRUE,1,462,462,55.44,TRUE
4/7/2013 16:00,3,902,706.137387,0,195.862613,24.34808892,FALSE,TRUE,3,158,549.2179677,0,391.2179677,53.24138941,TRUE,TRUE,3,64,470.758258,0,406.758258,56.04072458,TRUE,TRUE,3,477,627.6776773,0,150.6776773,18.61565724,TRUE,TRUE,3,402,627.6776773,0,225.6776773,29.68848243,TRUE,TRUE,3,696,706.137387,0,10.13738699,1.413639968,TRUE,TRUE,3,693,706.137387,0,13.13738699,1.839234178,TRUE,TRUE,3,921,706.137387,0,214.862613,27.83170308,FALSE,TRUE,3,118,470.758258,0,352.758258,46.9691088,TRUE,TRUE,3,245,549.2179677,0,304.2179677,40.60536433,TRUE,TRUE,2,1534,784.5970967,749.4029033,89.9283484,FALSE,TRUE,2,2960,863.0568063,2096.943194,224.5871823,FALSE,TRUE,2,322,627.6776773,305.6776773,33.57838512,TRUE,TRUE,2,459,627.6776773,168.6776773,18.78057824,TRUE,TRUE,2,313,627.6776773,314.6776773,34.07144598,TRUE,TRUE,2,776,706.137387,69.86261301,7.113390263,FALSE,TRUE,2,102,470.758258,368.758258,38.87429757,TRUE,TRUE,2,4520,941.516516,3578.483484,401.1132909,FALSE,TRUE,2,21,313.8388387,292.8388387,33.78720382,TRUE,TRUE,2,336,627.6776773,291.6776773,29.86995473,TRUE,TRUE,1,152,152,16.92588629,TRUE,1,299,299,33.43959528,TRUE,1,0,0,0,TRUE,1,257,257,29.4265,TRUE,1,91,91,9.813366834,TRUE,1,1277,1277,150.8551104,TRUE,1,150,150,15.52086811,TRUE,1,596,596,68.00589615,TRUE
4/7/2013 17:00,3,645,440.2459111,0,204.7540889,4.390532308,FALSE,FALSE,3,67,293.4972741,226.4972741,0,0,None,FALSE,3,177,342.4134864,165.4134864,0,0,None,FALSE,3,1138,489.1621235,0,648.8378765,16.92430898,FALSE,FALSE,3,526,440.2459111,0,85.75408887,2.290593359,FALSE,FALSE,3,1502,489.1621235,0,1012.837877,21.49316497,FALSE,FALSE,3,1298,489.1621235,0,808.8378765,16.74674395,FALSE,FALSE,3,780,440.2459111,0,339.7540889,8.950449954,FALSE,FALSE,3,141,342.4134864,201.4134864,0,0,None,FALSE,3,75,293.4972741,218.4972741,0,0,None,FALSE,2,1116,489.1621235,626.8378765,7.647422094,FALSE,FALSE,2,2078,538.0783358,1539.921664,27.0324607,FALSE,FALSE,2,562,440.2459111,121.7540889,1.284955065,FALSE,FALSE,2,412,391.3296988,20.67030122,0.256214789,FALSE,FALSE,2,1,48.91621235,47.91621235,1.317493148,TRUE,FALSE,2,560,440.2459111,119.7540889,1.219532458,FALSE,FALSE,2,132,342.4134864,210.4134864,5.948770548,TRUE,FALSE,2,2155,538.0783358,1616.921664,23.01003907,FALSE,FALSE,2,33,244.5810617,211.5810617,3.915138638,TRUE,FALSE,2,243,342.4134864,99.41348644,1.76735087,TRUE,FALSE,1,729,729,9.569648829,FALSE,1,997,997,12.37423272,FALSE,1,1,1,0.016183986,FALSE,1,231,231,3.62285,FALSE,1,58,58,0.740301508,FALSE,1,408,408,4.08,FALSE,1,220,220,5.068447412,FALSE,1,598,598,11.48921273,FALSE
4/7/2013 18:00,3,623,154.9092107,0,468.0907893,4.767300488,FALSE,FALSE,3,165,120.4849416,181.9822157,0,0,None,FALSE,3,126,103.2728071,142.6862936,0,0,None,FALSE,3,2661,189.3334797,0,2471.66652,37.968121,FALSE,FALSE,3,356,137.6970762,0,218.3029238,3.105076646,FALSE,FALSE,3,479,137.6970762,0,341.3029238,4.543095775,FALSE,FALSE,3,1787,172.1213452,0,1614.878655,30.15704602,FALSE,FALSE,3,1494,172.1213452,0,1321.878655,16.37452357,FALSE,FALSE,3,298,137.6970762,41.1105626,0,0,None,FALSE,3,77,103.2728071,244.7700812,0,0,None,FALSE,2,1038,172.1213452,865.8786548,20.72336247,FALSE,FALSE,2,2069,189.3334797,1879.66652,27.45509557,FALSE,FALSE,2,1088,172.1213452,915.8786548,9.158786548,FALSE,FALSE,2,383,137.6970762,245.3029238,2.859812981,FALSE,FALSE,2,7,51.63640356,44.63640356,0.546059556,TRUE,FALSE,2,1391,172.1213452,1218.878655,26.51417174,FALSE,FALSE,2,233,120.4849416,112.5150584,2.329590302,FALSE,FALSE,2,1036,172.1213452,863.8786548,17.53760346,FALSE,FALSE,2,37,86.0606726,49.0606726,0.762707935,TRUE,FALSE,2,251,120.4849416,130.5150584,2.054403696,FALSE,FALSE,1,1365,1365,36.75,FALSE,1,371,371,4.260556492,FALSE,1,182,182,2.740851789,FALSE,1,292,292,3.8836,FALSE,1,421,421,11.26897822,FALSE,1,400,400,7.660441426,FALSE,1,1273,1273,24.6524207,FALSE,1,1977,1977,40.16919598,FALSE
4/7/2013 19:00,3,634,0,0,634,80.10100671,FALSE,TRUE,3,162,0,0,19.98221573,2.585516137,TRUE,TRUE,3,100,0,0,42.68629356,5.334706941,TRUE,TRUE,3,1745,0,0,1745,223.0080672,FALSE,TRUE,3,518,0,0,518,70.52237062,FALSE,TRUE,3,728,0,0,728,93.6173913,FALSE,TRUE,3,1742,0,0,1742,218.4807047,FALSE,TRUE,3,1819,0,0,1819,225.5985142,FALSE,TRUE,3,63,0,0,21.8894374,2.833466063,FALSE,TRUE,3,158,0,0,86.77008121,12.08310148,TRUE,TRUE,2,1097,0,1097,122.3886333,FALSE,TRUE,2,1832,0,1832,219.1648911,FALSE,TRUE,2,235,0,235,24.33984899,FALSE,TRUE,2,530,0,530,63.6,FALSE,TRUE,2,194,0,194,20.4635533,FALSE,TRUE,2,1110,0,1110,120.7657763,FALSE,TRUE,2,127,0,127,14.30241611,FALSE,TRUE,2,1276,0,1276,147.0173913,FALSE,TRUE,2,39,0,39,4.622319328,FALSE,TRUE,2,266,0,266,29.90037037,FALSE,TRUE,1,340,340,34.85852843,TRUE,1,255,255,30.0796796,TRUE,1,389,389,41.57727428,TRUE,1,210,210,25.0845,TRUE,1,846,846,93.57015075,TRUE,1,446,446,47.1063837,TRUE,1,108,108,12.42450751,TRUE,1,1382,1382,153.3626466,TRUE
4/7/2013 20:00,3,855,0,0,855,109.9162752,FALSE,TRUE,3,161,0,0,161,20.29253807,FALSE,TRUE,3,124,0,0,124,16.20991568,FALSE,TRUE,3,1749,0,0,1749,223.842605,FALSE,TRUE,3,357,0,0,357,47.22651085,FALSE,TRUE,3,1075,0,0,1075,141.4038462,FALSE,TRUE,3,1540,0,0,1540,214.4630872,FALSE,TRUE,3,1594,0,0,1594,211.7438731,FALSE,TRUE,3,85,0,0,85,11.49074074,FALSE,TRUE,3,360,0,0,360,48.52067797,FALSE,TRUE,2,2589,0,2589,268.9108,FALSE,TRUE,2,586,0,586,67.62067002,FALSE,TRUE,2,110,0,110,12.06308725,FALSE,TRUE,2,284,0,284,30.8879732,FALSE,TRUE,2,503,0,503,51.65324873,FALSE,TRUE,2,917,0,917,93.53706177,FALSE,TRUE,2,109,0,109,12.11436242,FALSE,TRUE,2,1375,0,1375,156.9063545,FALSE,TRUE,2,44,0,44,5.28,FALSE,TRUE,2,219,0,219,24.77944444,FALSE,TRUE,1,686,686,75.88444816,TRUE,1,239,239,24.55694772,TRUE,1,508,508,54.86746167,TRUE,1,452,452,54.15713333,TRUE,1,293,293,33.37844221,TRUE,1,507,507,60.17719864,TRUE,1,123,123,14.10495826,TRUE,1,754,754,82.97788945,TRUE
4/7/2013 21:00,3,1329,0,0,1329,183.3618624,FALSE,TRUE,3,197,0,0,197,24.75666667,FALSE,TRUE,3,126,0,0,126,16.70509275,FALSE,TRUE,3,815,0,0,815,109.5798319,FALSE,TRUE,3,262,0,0,262,36.2469783,FALSE,TRUE,3,277,0,0,277,37.91379599,FALSE,TRUE,3,1059,0,0,1059,133.2101174,FALSE,TRUE,3,3657,0,0,3657,470.3427045,FALSE,TRUE,3,91,0,0,91,11.39185185,FALSE,TRUE,3,197,0,0,197,26.80869492,FALSE,TRUE,2,1433,0,1433,169.3328333,FALSE,TRUE,2,1332,0,1332,159.84,FALSE,TRUE,2,233,0,233,26.88491611,FALSE,TRUE,2,304,0,304,34.01541039,FALSE,TRUE,2,199,0,199,20.6205753,FALSE,TRUE,2,1220,0,1220,129.8210351,FALSE,TRUE,2,146,0,146,15.60681208,FALSE,TRUE,2,1338,0,1338,155.8837124,FALSE,TRUE,2,49,0,49,5.064705882,FALSE,TRUE,2,183,0,183,20.33333333,FALSE,TRUE,1,795,795,91.30535117,TRUE,1,210,210,22.66795953,TRUE,1,521,521,54.12364566,TRUE,1,236,236,24.6856,TRUE,1,374,374,41.91681742,TRUE,1,770,770,91.68098472,TRUE,1,160,160,19.2,TRUE,1,744,744,80.50653266,TRUE
4/7/2013 22:00,3,922,0,0,922,9.56033557,FALSE,FALSE,3,165,0,0,165,3.124111675,FALSE,FALSE,3,103,0,0,103,2.348330523,FALSE,FALSE,3,261,0,0,261,4.105815126,FALSE,FALSE,3,89,0,0,89,1.200534224,FALSE,FALSE,3,475,0,0,475,10.86622074,FALSE,FALSE,3,820,0,0,820,8.502684564,FALSE,FALSE,3,1009,0,0,1009,10.46058431,FALSE,FALSE,3,147,0,0,147,2.395555556,FALSE,FALSE,3,351,0,0,351,8.287169492,FALSE,FALSE,2,1765,0,1765,20.23866667,FALSE,FALSE,2,2342,0,2342,23.85152429,FALSE,FALSE,2,91,0,91,1.968104027,FALSE,FALSE,2,306,0,306,7.908844221,FALSE,FALSE,2,833,0,833,12.36109983,FALSE,FALSE,2,570,0,570,10.6196995,FALSE,FALSE,2,161,0,161,3.927751678,FALSE,FALSE,2,1461,0,1461,30.73474916,FALSE,FALSE,2,518,0,518,6.712235294,FALSE,FALSE,2,251,0,251,6.786296296,FALSE,FALSE,1,1951,1951,20.5866388,FALSE,1,165,165,1.925463744,FALSE,1,445,445,9.703577513,FALSE,1,264,264,6.6572,FALSE,1,218,218,5.393400335,FALSE,1,722,722,19.22064516,FALSE,1,306,306,6.431619366,FALSE,1,847,847,12.05946399,FALSE
4/7/2013 23:00,3,581,0,0,581,12.78005034,FALSE,FALSE,3,56,0,0,56,0.997766497,FALSE,FALSE,3,120,0,0,120,1.489376054,FALSE,FALSE,3,320,0,0,320,3.259159664,FALSE,FALSE,3,82,0,0,82,1.949382304,FALSE,FALSE,3,185,0,0,185,2.632692308,FALSE,FALSE,3,721,0,0,721,15.85958054,FALSE,FALSE,3,823,0,0,823,13.51973289,FALSE,FALSE,3,150,0,0,150,2.583333333,FALSE,FALSE,3,270,0,0,270,5.01559322,FALSE,FALSE,2,1444,0,1444,28.20613333,FALSE,FALSE,2,1085,0,1085,21.84539363,FALSE,FALSE,2,53,0,53,1.048439597,FALSE,FALSE,2,277,0,277,7.465544389,FALSE,FALSE,2,894,0,894,21.25329949,FALSE,FALSE,2,517,0,517,11.62602671,FALSE,FALSE,2,54,0,54,0.848959732,FALSE,FALSE,2,4662,0,4662,74.91943144,FALSE,FALSE,2,1710,0,1710,39.86168067,FALSE,FALSE,2,168,0,168,2.862222222,FALSE,FALSE,1,426,426,9.118394649,FALSE,1,165,165,3.241568297,FALSE,1,438,438,7.909369676,FALSE,1,214,214,3.473933333,FALSE,1,135,135,1.499246231,FALSE,1,588,588,15.32393888,FALSE,1,74,74,1.963038397,FALSE,1,1841,1841,30.96087102,FALSE
